{
  "gammaValues": {
    "1": 0.96000,
    "2": 0.84000,
    "3": 0.64000,
    "4": 0.36000
  },
  "qualityFunction": {
    "linearFunctions": {
      "-0.1496818893973354269721909304280416108667850494384765625": {
        "slope": -424.3806992574,
        "yIntercept": -63.52210488860998443320402048084538648708985419943928718566894531250
      },
      "0.4496818893973354269721909304280416108667850494384765625": {
        "slope": 1.2179581514,
        "yIntercept": 0.18230627730843791672077936483198357109358767047524452209472656250
      },
      "1.1496818893973354269721909304280416108667850494384765625": {
        "slope": 0.3857142858,
        "yIntercept": 0.55655127119391217336238331880871044177183648571372032165527343750
      }
    },
    "lowestX": -0.1503181106026645730278090695719583891332149505615234375
  },
  "alpha": 1351.80915456273578456602990627288818359375,
  "beta": 0.1496818893973354269721909304280416108667850494384765625,
  "setupType": "Multi Region Model Global Bidder",
  "population": 0,
  "id": 2,
  "worldId": 113,
  "implementation": "ch.uzh.ifi.ce.mweiss.specval.model.mrm.MRMGlobalBidder"
}