{
  "gammaValues": {
    "1": 0.96000,
    "2": 0.84000,
    "3": 0.64000,
    "4": 0.36000
  },
  "qualityFunction": {
    "linearFunctions": {
      "-0.1074844032815760186405640297380159609019756317138671875": {
        "slope": -3.1753053095,
        "yIntercept": -0.34129579642157244448274606429816202535221236757934093475341796875
      },
      "0.4074844032815760186405640297380159609019756317138671875": {
        "slope": 1.4175615896,
        "yIntercept": 0.15236576157303835737735717703600357708637602627277374267578125000
      },
      "1.1074844032815760186405640297380159609019756317138671875": {
        "slope": 0.3857142858,
        "yIntercept": 0.57282744441360772967164735836043121253169374540448188781738281250
      }
    },
    "lowestX": -0.1925155967184239813594359702619840390980243682861328125
  },
  "alpha": 1078.23612223323425496346317231655120849609375,
  "beta": 0.1074844032815760186405640297380159609019756317138671875,
  "setupType": "Multi Region Model Global Bidder",
  "population": 0,
  "id": 1,
  "worldId": 113,
  "implementation": "ch.uzh.ifi.ce.mweiss.specval.model.mrm.MRMGlobalBidder"
}