{
  "gammaValues": {
    "1": 0.96000,
    "2": 0.84000,
    "3": 0.64000,
    "4": 0.36000
  },
  "qualityFunction": {
    "linearFunctions": {
      "-0.11048209528627332687289452906043152324855327606201171875": {
        "slope": -3.4161730227,
        "yIntercept": -0.377425953401662227118238757961332652257624431513249874114990234375
      },
      "0.41048209528627332687289452906043152324855327606201171875": {
        "slope": 1.4012479423,
        "yIntercept": 0.154812808680883028716018752490857224302089889533817768096923828125
      },
      "1.11048209528627332687289452906043152324855327606201171875": {
        "slope": 0.3857142858,
        "yIntercept": 0.571671191782967537181631539344728309970378177240490913391113281250
      }
    },
    "lowestX": -0.18951790471372667312710547093956847675144672393798828125
  },
  "alpha": 1264.652823686463307240046560764312744140625,
  "beta": 0.11048209528627332687289452906043152324855327606201171875,
  "setupType": "Multi Region Model Global Bidder",
  "population": 0,
  "id": 0,
  "worldId": 113,
  "implementation": "ch.uzh.ifi.ce.mweiss.specval.model.mrm.MRMGlobalBidder"
}