{
  "gammaValues": {
    "1": 0.96000,
    "2": 0.84000,
    "3": 0.64000,
    "4": 0.36000
  },
  "qualityFunction": {
    "linearFunctions": {
      "-0.13515077045875540928676628027460537850856781005859375": {
        "slope": 9.0913807767,
        "yIntercept": 1.498707116505076831803152381805688264648779295384883880615234375
      },
      "0.46484922954124459071323371972539462149143218994140625": {
        "slope": 0.7666666667,
        "yIntercept": 0.373615590689550839468479328520089666199055500328540802001953125
      },
      "1.16484922954124459071323371972539462149143218994140625": {
        "slope": 0.3857142858,
        "yIntercept": 0.550701011422818581049931743187642041448270902037620544433593750
      }
    },
    "lowestX": -0.16484922954124459071323371972539462149143218994140625
  },
  "alpha": 1315.616394261624236605712212622165679931640625,
  "beta": 0.16484922954124459071323371972539462149143218994140625,
  "setupType": "Multi Region Model Global Bidder",
  "population": 0,
  "id": 3,
  "worldId": 113,
  "implementation": "ch.uzh.ifi.ce.mweiss.specval.model.mrm.MRMGlobalBidder"
}