{
  "gammaValues": {
    "1": 0.96000,
    "2": 0.84000,
    "3": 0.64000,
    "4": 0.36000
  },
  "qualityFunction": {
    "linearFunctions": {
      "-0.123270824707668824604667179301031865179538726806640625": {
        "slope": 5.0506608799,
        "yIntercept": 0.8925991319859667140443928945447993328343727625906467437744140625
      },
      "0.476729175292331175395332820698968134820461273193359375": {
        "slope": 0.7666666667,
        "yIntercept": 0.3645076322799884596871671316176133359476807527244091033935546875
      },
      "1.176729175292331175395332820698968134820461273193359375": {
        "slope": 0.3857142858,
        "yIntercept": 0.5461187466320954744653146684107980490807676687836647033691406250
      }
    },
    "lowestX": -0.176729175292331175395332820698968134820461273193359375
  },
  "alpha": 1112.221972529972163101774640381336212158203125,
  "beta": 0.176729175292331175395332820698968134820461273193359375,
  "setupType": "Multi Region Model Global Bidder",
  "population": 0,
  "id": 1,
  "worldId": 113,
  "implementation": "ch.uzh.ifi.ce.mweiss.specval.model.mrm.MRMGlobalBidder"
}