{
  "gammaValues": {
    "1": 0.96000,
    "2": 0.84000,
    "3": 0.64000,
    "4": 0.36000
  },
  "qualityFunction": {
    "linearFunctions": {
      "-0.1069168828582449659592157331644557416439056396484375": {
        "slope": -3.1334780061,
        "yIntercept": -0.33502170091291929512075431052409157928195782005786895751953125
      },
      "0.4069168828582449659592157331644557416439056396484375": {
        "slope": 1.4206929337,
        "yIntercept": 0.15189605996993928192185483450060701215988956391811370849609375
      },
      "1.1069168828582449659592157331644557416439056396484375": {
        "slope": 0.3857142858,
        "yIntercept": 0.57304634514836978031359579155434857966611161828041076660156250
      }
    },
    "lowestX": -0.1930831171417550340407842668355442583560943603515625
  },
  "alpha": 1177.929347675591770894243381917476654052734375,
  "beta": 0.1069168828582449659592157331644557416439056396484375,
  "setupType": "Multi Region Model Global Bidder",
  "population": 0,
  "id": 0,
  "worldId": 113,
  "implementation": "ch.uzh.ifi.ce.mweiss.specval.model.mrm.MRMGlobalBidder"
}