{
  "gammaValues": {
    "1": 0.96000,
    "2": 0.84000,
    "3": 0.64000,
    "4": 0.36000
  },
  "qualityFunction": {
    "linearFunctions": {
      "-0.132318222755604353313430010530282743275165557861328125": {
        "slope": 7.6349791163,
        "yIntercept": 1.2802468674450293236665951612796021663598367013037204742431640625
      },
      "0.467681777244395646686569989469717256724834442138671875": {
        "slope": 0.7666666667,
        "yIntercept": 0.3714439707837072782988164865169977701953030191361904144287109375
      },
      "1.167681777244395646686569989469717256724834442138671875": {
        "slope": 0.3857142858,
        "yIntercept": 0.5496084573085032410856605200599744875944452360272407531738281250
      }
    },
    "lowestX": -0.167681777244395646686569989469717256724834442138671875
  },
  "alpha": 1168.5689322830285163945518434047698974609375,
  "beta": 0.167681777244395646686569989469717256724834442138671875,
  "setupType": "Multi Region Model Global Bidder",
  "population": 0,
  "id": 1,
  "worldId": 39,
  "implementation": "ch.uzh.ifi.ce.mweiss.specval.model.mrm.MRMGlobalBidder"
}