{
  "gammaValues": {
    "1": 0.96000,
    "2": 0.84000,
    "3": 0.64000,
    "4": 0.36000
  },
  "qualityFunction": {
    "linearFunctions": {
      "-0.107969303150099449339904822409152984619140625": {
        "slope": -3.2119381813,
        "yIntercept": -0.3467907271938412137730546191960456781089305877685546875
      },
      "0.407969303150099449339904822409152984619140625": {
        "slope": 1.4148970267,
        "yIntercept": 0.1527654460019466546803386108877020888030529022216796875
      },
      "1.107969303150099449339904822409152984619140625": {
        "slope": 0.3857142858,
        "yIntercept": 0.5726404116071357006988853299844777211546897888183593750
      }
    },
    "lowestX": -0.192030696849900550660095177590847015380859375
  },
  "alpha": 1347.1226438562225666828453540802001953125,
  "beta": 0.107969303150099449339904822409152984619140625,
  "setupType": "Multi Region Model Global Bidder",
  "population": 0,
  "id": 0,
  "worldId": 39,
  "implementation": "ch.uzh.ifi.ce.mweiss.specval.model.mrm.MRMGlobalBidder"
}