{
  "gammaValues": {
    "1": 0.96000,
    "2": 0.84000,
    "3": 0.64000,
    "4": 0.36000
  },
  "qualityFunction": {
    "linearFunctions": {
      "-0.141712002386663538100464165836456231772899627685546875": {
        "slope": -16.2886147291,
        "yIntercept": -2.3082922093643379398908603528095540013964637182652950286865234375
      },
      "0.441712002386663538100464165836456231772899627685546875": {
        "slope": 1.2512340837,
        "yIntercept": 0.1773148874555691651953343190850631572175188921391963958740234375
      },
      "1.141712002386663538100464165836456231772899627685546875": {
        "slope": 0.3857142858,
        "yIntercept": 0.5596253704701401779566783756258985249587567523121833801269531250
      }
    },
    "lowestX": -0.158287997613336461899535834163543768227100372314453125
  },
  "alpha": 890.534992752660173209733329713344573974609375,
  "beta": 0.141712002386663538100464165836456231772899627685546875,
  "setupType": "Multi Region Model Global Bidder",
  "population": 0,
  "id": 2,
  "worldId": 33,
  "implementation": "ch.uzh.ifi.ce.mweiss.specval.model.mrm.MRMGlobalBidder"
}