{
  "gammaValues": {
    "1": 0.96000,
    "2": 0.84000,
    "3": 0.64000,
    "4": 0.36000
  },
  "qualityFunction": {
    "linearFunctions": {
      "-0.115810405903819579886970814186497591435909271240234375": {
        "slope": -3.9485698373,
        "yIntercept": -0.4572854755927081619971492998377726735270698554813861846923828125
      },
      "0.415810405903819579886970814186497591435909271240234375": {
        "slope": 1.3731591838,
        "yIntercept": 0.1590261224464355956200517394627524936367990449070930480957031250
      },
      "1.115810405903819579886970814186497591435909271240234375": {
        "slope": 0.3857142858,
        "yIntercept": 0.5696159862586001272518410076806105735158780589699745178222656250
      }
    },
    "lowestX": -0.184189594096180420113029185813502408564090728759765625
  },
  "alpha": 1273.67594062853049763361923396587371826171875,
  "beta": 0.115810405903819579886970814186497591435909271240234375,
  "setupType": "Multi Region Model Global Bidder",
  "population": 0,
  "id": 0,
  "worldId": 33,
  "implementation": "ch.uzh.ifi.ce.mweiss.specval.model.mrm.MRMGlobalBidder"
}