{
  "gammaValues": {
    "1": 0.96000,
    "2": 0.84000,
    "3": 0.64000,
    "4": 0.36000
  },
  "qualityFunction": {
    "linearFunctions": {
      "-0.1033905367402911945617915989714674651622772216796875": {
        "slope": -2.8964075223,
        "yIntercept": -0.29946112834078606257877396057409669083426706492900848388671875
      },
      "0.4033905367402911945617915989714674651622772216796875": {
        "slope": 1.4404642127,
        "yIntercept": 0.14893036810623397994319365711390901196864433586597442626953125
      },
      "1.1033905367402911945617915989714674651622772216796875": {
        "slope": 0.3857142858,
        "yIntercept": 0.57440650722273992180556970943428041209699586033821105957031250
      }
    },
    "lowestX": -0.1966094632597088054382084010285325348377227783203125
  },
  "alpha": 1047.00408110051330368150956928730010986328125,
  "beta": 0.1033905367402911945617915989714674651622772216796875,
  "setupType": "Multi Region Model Global Bidder",
  "population": 0,
  "id": 0,
  "worldId": 33,
  "implementation": "ch.uzh.ifi.ce.mweiss.specval.model.mrm.MRMGlobalBidder"
}