{
  "gammaValues": {
    "1": 0.96000,
    "2": 0.84000,
    "3": 0.64000,
    "4": 0.36000
  },
  "qualityFunction": {
    "linearFunctions": {
      "-0.144236857177375388250339938167599029839038848876953125": {
        "slope": -23.4247187957,
        "yIntercept": -3.3787078193544382940576771134910671889883815310895442962646484375
      },
      "0.444236857177375388250339938167599029839038848876953125": {
        "slope": 1.2404972087,
        "yIntercept": 0.1789254187201947299166254701230371892961557023227214813232421875
      },
      "1.144236857177375388250339938167599029839038848876953125": {
        "slope": 0.3857142858,
        "yIntercept": 0.5586514979077920482025224191424683795048622414469718933105468750
      }
    },
    "lowestX": -0.155763142822624611749660061832400970160961151123046875
  },
  "alpha": 964.1210258521688274413463659584522247314453125,
  "beta": 0.144236857177375388250339938167599029839038848876953125,
  "setupType": "Multi Region Model Global Bidder",
  "population": 0,
  "id": 1,
  "worldId": 33,
  "implementation": "ch.uzh.ifi.ce.mweiss.specval.model.mrm.MRMGlobalBidder"
}