{
  "gammaValues": {
    "1": 0.96000,
    "2": 0.84000,
    "3": 0.64000,
    "4": 0.36000
  },
  "qualityFunction": {
    "linearFunctions": {
      "-0.132584925727838875975095334069919772446155548095703125": {
        "slope": 7.7519049239,
        "yIntercept": 1.2977857385854500260228170660514734890966792590916156768798828125
      },
      "0.467415074272161124024904665930080227553844451904296875": {
        "slope": 0.7666666667,
        "yIntercept": 0.3716484430624293024385010519861083366777165792882442474365234375
      },
      "1.167415074272161124024904665930080227553844451904296875": {
        "slope": 0.3857142858,
        "yIntercept": 0.5497113284549594172242086753676915122923674061894416809082031250
      }
    },
    "lowestX": -0.167415074272161124024904665930080227553844451904296875
  },
  "alpha": 1048.36725562996662119985558092594146728515625,
  "beta": 0.167415074272161124024904665930080227553844451904296875,
  "setupType": "Multi Region Model Global Bidder",
  "population": 0,
  "id": 3,
  "worldId": 33,
  "implementation": "ch.uzh.ifi.ce.mweiss.specval.model.mrm.MRMGlobalBidder"
}