{
  "gammaValues": {
    "1": 0.96000,
    "2": 0.84000,
    "3": 0.64000,
    "4": 0.36000
  },
  "qualityFunction": {
    "linearFunctions": {
      "-0.14348867630104507053800944049726240336894989013671875": {
        "slope": 20.7331114597,
        "yIntercept": 3.244966718955618640942201624799423598233261145651340484619140625
      },
      "0.45651132369895492946199055950273759663105010986328125": {
        "slope": 0.7666666667,
        "yIntercept": 0.380007985168917509955842073399168157266103662550449371337890625
      },
      "1.15651132369895492946199055950273759663105010986328125": {
        "slope": 0.3857142858,
        "yIntercept": 0.553917060819844985176178933095059164770646020770072937011718750
      }
    },
    "lowestX": -0.15651132369895492946199055950273759663105010986328125
  },
  "alpha": 1303.612819262741822967655025422573089599609375,
  "beta": 0.15651132369895492946199055950273759663105010986328125,
  "setupType": "Multi Region Model Global Bidder",
  "population": 0,
  "id": 1,
  "worldId": 67,
  "implementation": "ch.uzh.ifi.ce.mweiss.specval.model.mrm.MRMGlobalBidder"
}