{
  "gammaValues": {
    "1": 0.96000,
    "2": 0.84000,
    "3": 0.64000,
    "4": 0.36000
  },
  "qualityFunction": {
    "linearFunctions": {
      "-0.113552241186286317908837872892036102712154388427734375": {
        "slope": -3.7039314458,
        "yIntercept": -0.4205897168690482113751597048612040907755726948380470275878906250
      },
      "0.413552241186286317908837872892036102712154388427734375": {
        "slope": 1.3849246676,
        "yIntercept": 0.1572612998801526085083252182172941502358298748731613159179687500
      },
      "1.113552241186286317908837872892036102712154388427734375": {
        "slope": 0.3857142858,
        "yIntercept": 0.5704869926498422281334808503494571141345659270882606506347656250
      }
    },
    "lowestX": -0.186447758813713682091162127107963897287845611572265625
  },
  "alpha": 894.6030035159847102477215230464935302734375,
  "beta": 0.113552241186286317908837872892036102712154388427734375,
  "setupType": "Multi Region Model Global Bidder",
  "population": 0,
  "id": 2,
  "worldId": 67,
  "implementation": "ch.uzh.ifi.ce.mweiss.specval.model.mrm.MRMGlobalBidder"
}