{
  "gammaValues": {
    "1": 0.96000,
    "2": 0.84000,
    "3": 0.64000,
    "4": 0.36000
  },
  "qualityFunction": {
    "linearFunctions": {
      "-0.1466090866178318685708603652528836391866207122802734375": {
        "slope": -39.8122820564,
        "yIntercept": -5.83684230845969893462425276853267064325336832553148269653320312500
      },
      "0.4466090866178318685708603652528836391866207122802734375": {
        "slope": 1.2305759212,
        "yIntercept": 0.18041361182102904401330382144763575524848420172929763793945312500
      },
      "1.1466090866178318685708603652528836391866207122802734375": {
        "slope": 0.3857142858,
        "yIntercept": 0.55773649512341264326971112752495685072062769904732704162597656250
      }
    },
    "lowestX": -0.1533909133821681314291396347471163608133792877197265625
  },
  "alpha": 1187.9805477755426181829534471035003662109375,
  "beta": 0.1466090866178318685708603652528836391866207122802734375,
  "setupType": "Multi Region Model Global Bidder",
  "population": 0,
  "id": 1,
  "worldId": 67,
  "implementation": "ch.uzh.ifi.ce.mweiss.specval.model.mrm.MRMGlobalBidder"
}