{
  "gammaValues": {
    "1": 0.96000,
    "2": 0.84000,
    "3": 0.64000,
    "4": 0.36000
  },
  "qualityFunction": {
    "linearFunctions": {
      "-0.131077915602077876844333559347433038055896759033203125": {
        "slope": -7.1345205507,
        "yIntercept": -0.9351780826040552240322785559900609086980693973600864410400390625
      },
      "0.431077915602077876844333559347433038055896759033203125": {
        "slope": 1.2985723166,
        "yIntercept": 0.1702141525184895523073557277449197044916218146681785583496093750
      },
      "1.131077915602077876844333559347433038055896759033203125": {
        "slope": 0.3857142858,
        "yIntercept": 0.5637270896593918547370075233793329516629455611109733581542968750
      }
    },
    "lowestX": -0.168922084397922123155666440652566961944103240966796875
  },
  "alpha": 1140.51066159218180473544634878635406494140625,
  "beta": 0.131077915602077876844333559347433038055896759033203125,
  "setupType": "Multi Region Model Global Bidder",
  "population": 0,
  "id": 0,
  "worldId": 67,
  "implementation": "ch.uzh.ifi.ce.mweiss.specval.model.mrm.MRMGlobalBidder"
}