{
  "gammaValues": {
    "1": 0.96000,
    "2": 0.84000,
    "3": 0.64000,
    "4": 0.36000
  },
  "qualityFunction": {
    "linearFunctions": {
      "-0.1104688164269651828863771925171022303402423858642578125": {
        "slope": -3.4150255013,
        "yIntercept": -0.37725382519348555147580354718339634700896567665040493011474609375
      },
      "0.4104688164269651828863771925171022303402423858642578125": {
        "slope": 1.4013193787,
        "yIntercept": 0.15480209320115920400886996011191598654477274976670742034912109375
      },
      "1.1104688164269651828863771925171022303402423858642578125": {
        "slope": 0.3857142858,
        "yIntercept": 0.57167631362870181662151463863885680893872631713747978210449218750
      }
    },
    "lowestX": -0.1895311835730348171136228074828977696597576141357421875
  },
  "alpha": 872.1274975924108048275229521095752716064453125,
  "beta": 0.1104688164269651828863771925171022303402423858642578125,
  "setupType": "Multi Region Model Global Bidder",
  "population": 0,
  "id": 0,
  "worldId": 67,
  "implementation": "ch.uzh.ifi.ce.mweiss.specval.model.mrm.MRMGlobalBidder"
}