{
  "gammaValues": {
    "1": 0.96000,
    "2": 0.84000,
    "3": 0.64000,
    "4": 0.36000
  },
  "qualityFunction": {
    "linearFunctions": {
      "-0.1371098781055421766961188723144005052745342254638671875": {
        "slope": -10.4731360265,
        "yIntercept": -1.43597040397382265992864869563749863345947233028709888458251953125
      },
      "0.4371098781055421766961188723144005052745342254638671875": {
        "slope": 1.2712902894,
        "yIntercept": 0.17430645661639343755591489704137586613796884194016456604003906250
      },
      "1.1371098781055421766961188723144005052745342254638671875": {
        "slope": 0.3857142858,
        "yIntercept": 0.56140047555039574229387910553334961605287389829754829406738281250
      }
    },
    "lowestX": -0.1628901218944578233038811276855994947254657745361328125
  },
  "alpha": 992.5633088068349252353073097765445709228515625,
  "beta": 0.1371098781055421766961188723144005052745342254638671875,
  "setupType": "Multi Region Model Global Bidder",
  "population": 0,
  "id": 1,
  "worldId": 105,
  "implementation": "ch.uzh.ifi.ce.mweiss.specval.model.mrm.MRMGlobalBidder"
}