{
  "gammaValues": {
    "1": 0.96000,
    "2": 0.84000,
    "3": 0.64000,
    "4": 0.36000
  },
  "qualityFunction": {
    "linearFunctions": {
      "-0.12340961359234810246210400919153471477329730987548828125": {
        "slope": -5.0770228732,
        "yIntercept": -0.626553430978875063303280709137155213284131605178117752075195312500
      },
      "0.42340961359234810246210400919153471477329730987548828125": {
        "slope": 1.3349932916,
        "yIntercept": 0.164751006264732893878898295492163583730871323496103286743164062500
      },
      "1.12340961359234810246210400919153471477329730987548828125": {
        "slope": 0.3857142858,
        "yIntercept": 0.566684863292373479313844330529370552085310919210314750671386718750
      }
    },
    "lowestX": -0.17659038640765189753789599080846528522670269012451171875
  },
  "alpha": 1228.12173108207980476436205208301544189453125,
  "beta": 0.12340961359234810246210400919153471477329730987548828125,
  "setupType": "Multi Region Model Global Bidder",
  "population": 0,
  "id": 0,
  "worldId": 105,
  "implementation": "ch.uzh.ifi.ce.mweiss.specval.model.mrm.MRMGlobalBidder"
}