{
  "gammaValues": {
    "1": 0.96000,
    "2": 0.84000,
    "3": 0.64000,
    "4": 0.36000
  },
  "qualityFunction": {
    "linearFunctions": {
      "-0.111684592887715705700202306616120040416717529296875": {
        "slope": -3.5233868089,
        "yIntercept": -0.3935080213320557236825526548074094534968025982379913330078125
      },
      "0.411684592887715705700202306616120040416717529296875": {
        "slope": 1.3948089033,
        "yIntercept": 0.1557786645212217235098847378793607276747934520244598388671875
      },
      "1.111684592887715705700202306616120040416717529296875": {
        "slope": 0.3857142858,
        "yIntercept": 0.5712073712794509769824034783880506438435986638069152832031250
      }
    },
    "lowestX": -0.188315407112284294299797693383879959583282470703125
  },
  "alpha": 1092.48783912083263203385286033153533935546875,
  "beta": 0.111684592887715705700202306616120040416717529296875,
  "setupType": "Multi Region Model Global Bidder",
  "population": 0,
  "id": 2,
  "worldId": 105,
  "implementation": "ch.uzh.ifi.ce.mweiss.specval.model.mrm.MRMGlobalBidder"
}