{
  "gammaValues": {
    "1": 0.96000,
    "2": 0.84000,
    "3": 0.64000,
    "4": 0.36000
  },
  "qualityFunction": {
    "linearFunctions": {
      "-0.1079900777585778681721961902439943514764308929443359375": {
        "slope": 3.2135265385,
        "yIntercept": 0.61702898077813142460989305482232936128639266826212406158447265625
      },
      "0.4920099222414221318278038097560056485235691070556640625": {
        "slope": 0.7666666667,
        "yIntercept": 0.35279239295184270152396967479280220914006349630653858184814453125
      },
      "1.1920099222414221318278038097560056485235691070556640625": {
        "slope": 0.3857142858,
        "yIntercept": 0.54022474423613632724572520493744320901896571740508079528808593750
      }
    },
    "lowestX": -0.1920099222414221318278038097560056485235691070556640625
  },
  "alpha": 802.07733173870610698941163718700408935546875,
  "beta": 0.1920099222414221318278038097560056485235691070556640625,
  "setupType": "Multi Region Model Global Bidder",
  "population": 0,
  "id": 3,
  "worldId": 105,
  "implementation": "ch.uzh.ifi.ce.mweiss.specval.model.mrm.MRMGlobalBidder"
}