{
  "gammaValues": {
    "1": 0.96000,
    "2": 0.84000,
    "3": 0.64000,
    "4": 0.36000
  },
  "qualityFunction": {
    "linearFunctions": {
      "-0.1430091717597110456683395796062541194260120391845703125": {
        "slope": 19.3110165720,
        "yIntercept": 3.03165248580022559516724556250011346492101438343524932861328125000
      },
      "0.4569908282402889543316604203937458805739879608154296875": {
        "slope": 0.7666666667,
        "yIntercept": 0.37964036502054544073771737922040614421348436735570430755615234375
      },
      "1.1569908282402889543316604203937458805739879608154296875": {
        "slope": 0.3857142858,
        "yIntercept": 0.55373210906814647519433478461969855288771213963627815246582031250
      }
    },
    "lowestX": -0.1569908282402889543316604203937458805739879608154296875
  },
  "alpha": 1124.14102758137914861436001956462860107421875,
  "beta": 0.1569908282402889543316604203937458805739879608154296875,
  "setupType": "Multi Region Model Global Bidder",
  "population": 0,
  "id": 0,
  "worldId": 105,
  "implementation": "ch.uzh.ifi.ce.mweiss.specval.model.mrm.MRMGlobalBidder"
}