{
  "gammaValues": {
    "1": 0.96000,
    "2": 0.84000,
    "3": 0.64000,
    "4": 0.36000
  },
  "qualityFunction": {
    "linearFunctions": {
      "-0.1338987425630264294085236542741768062114715576171875": {
        "slope": 8.3844383291,
        "yIntercept": 1.39266574936626763277085883085959494565031491219997406005859375
      },
      "0.4661012574369735705914763457258231937885284423828125": {
        "slope": 0.7666666667,
        "yIntercept": 0.37265570263611688729863568259048633990460075438022613525390625
      },
      "1.1661012574369735705914763457258231937885284423828125": {
        "slope": 0.3857142858,
        "yIntercept": 0.55021808637721580070583281774077022419078275561332702636718750
      }
    },
    "lowestX": -0.1661012574369735705914763457258231937885284423828125
  },
  "alpha": 1169.559411744262206411804072558879852294921875,
  "beta": 0.1661012574369735705914763457258231937885284423828125,
  "setupType": "Multi Region Model Global Bidder",
  "population": 0,
  "id": 1,
  "worldId": 105,
  "implementation": "ch.uzh.ifi.ce.mweiss.specval.model.mrm.MRMGlobalBidder"
}