{
  "gammaValues": {
    "1": 0.96000,
    "2": 0.84000,
    "3": 0.64000,
    "4": 0.36000
  },
  "qualityFunction": {
    "linearFunctions": {
      "-0.1086530165565684324935347149221342988312244415283203125": {
        "slope": 3.2650507669,
        "yIntercept": 0.62475761503597784225465359975171253381631686352193355560302734375
      },
      "0.4913469834434315675064652850778657011687755584716796875": {
        "slope": 0.7666666667,
        "yIntercept": 0.35330064603032423213026222919008745293467654846608638763427734375
      },
      "1.1913469834434315675064652850778657011687755584716796875": {
        "slope": 0.3857142858,
        "yIntercept": 0.54048044920113236823806925568369763368536951020359992980957031250
      }
    },
    "lowestX": -0.1913469834434315675064652850778657011687755584716796875
  },
  "alpha": 1012.126724511556631114217452704906463623046875,
  "beta": 0.1913469834434315675064652850778657011687755584716796875,
  "setupType": "Multi Region Model Global Bidder",
  "population": 0,
  "id": 1,
  "worldId": 31,
  "implementation": "ch.uzh.ifi.ce.mweiss.specval.model.mrm.MRMGlobalBidder"
}