{
  "gammaValues": {
    "1": 0.96000,
    "2": 0.84000,
    "3": 0.64000,
    "4": 0.36000
  },
  "qualityFunction": {
    "linearFunctions": {
      "-0.104608318920559717479790151628549210727214813232421875": {
        "slope": -2.9741132469,
        "yIntercept": -0.3111169870324234354808346270093721841476508416235446929931640625
      },
      "0.404608318920559717479790151628549210727214813232421875": {
        "slope": 1.4335745256,
        "yIntercept": 0.1499638211703549010725601942084495021845214068889617919921875000
      },
      "1.104608318920559717479790151628549210727214813232421875": {
        "slope": 0.3857142858,
        "yIntercept": 0.5739367912388176816360329657307204342941986396908760070800781250
      }
    },
    "lowestX": -0.195391681079440282520209848371450789272785186767578125
  },
  "alpha": 1391.3432020816135263885371387004852294921875,
  "beta": 0.104608318920559717479790151628549210727214813232421875,
  "setupType": "Multi Region Model Global Bidder",
  "population": 0,
  "id": 0,
  "worldId": 31,
  "implementation": "ch.uzh.ifi.ce.mweiss.specval.model.mrm.MRMGlobalBidder"
}