{
  "gammaValues": {
    "1": 0.96000,
    "2": 0.84000,
    "3": 0.64000,
    "4": 0.36000
  },
  "qualityFunction": {
    "linearFunctions": {
      "-0.137156011974526548247155233184457756578922271728515625": {
        "slope": 10.5107541157,
        "yIntercept": 1.7116131173557465994522985119896674177653039805591106414794921875
      },
      "0.462843988025473451752844766815542243421077728271484375": {
        "slope": 0.7666666667,
        "yIntercept": 0.3751529425183755540553032303829894544833223335444927215576171875
      },
      "1.162843988025473451752844766815542243421077728271484375": {
        "slope": 0.3857142858,
        "yIntercept": 0.5514744617219307553502907226494755832391092553734779357910156250
      }
    },
    "lowestX": -0.162843988025473451752844766815542243421077728271484375
  },
  "alpha": 809.4967723668272583381622098386287689208984375,
  "beta": 0.162843988025473451752844766815542243421077728271484375,
  "setupType": "Multi Region Model Global Bidder",
  "population": 0,
  "id": 0,
  "worldId": 31,
  "implementation": "ch.uzh.ifi.ce.mweiss.specval.model.mrm.MRMGlobalBidder"
}