{
  "gammaValues": {
    "1": 0.96000,
    "2": 0.84000,
    "3": 0.64000,
    "4": 0.36000
  },
  "qualityFunction": {
    "linearFunctions": {
      "-0.11784570951660620907741616747443913482129573822021484375": {
        "slope": -4.1985065747,
        "yIntercept": -0.494775986204342472357625399570490998257810133509337902069091796875
      },
      "0.41784570951660620907741616747443913482129573822021484375": {
        "slope": 1.3627248339,
        "yIntercept": 0.160591274926844845556730619062779652495009941048920154571533203125
      },
      "1.11784570951660620907741616747443913482129573822021484375": {
        "slope": 0.3857142858,
        "yIntercept": 0.568830940579207972825858946053223519356834003701806068420410156250
      }
    },
    "lowestX": -0.18215429048339379092258383252556086517870426177978515625
  },
  "alpha": 1072.84573232845696111326105892658233642578125,
  "beta": 0.11784570951660620907741616747443913482129573822021484375,
  "setupType": "Multi Region Model Global Bidder",
  "population": 0,
  "id": 0,
  "worldId": 77,
  "implementation": "ch.uzh.ifi.ce.mweiss.specval.model.mrm.MRMGlobalBidder"
}