{
  "gammaValues": {
    "1": 0.96000,
    "2": 0.84000,
    "3": 0.64000,
    "4": 0.36000
  },
  "qualityFunction": {
    "linearFunctions": {
      "-0.1209938964835285790666574712304282002151012420654296875": {
        "slope": 4.6541928641,
        "yIntercept": 0.83312892961670720411955015916039002377146971412003040313720703125
      },
      "0.4790061035164714209333425287695717997848987579345703125": {
        "slope": 0.7666666667,
        "yIntercept": 0.36276198730807170716722168057888353587259189225733280181884765625
      },
      "1.1790061035164714209333425287695717997848987579345703125": {
        "slope": 0.3857142858,
        "yIntercept": 0.54524050288830335733858461710887866047414718195796012878417968750
      }
    },
    "lowestX": -0.1790061035164714209333425287695717997848987579345703125
  },
  "alpha": 1098.8516217662081544403918087482452392578125,
  "beta": 0.1790061035164714209333425287695717997848987579345703125,
  "setupType": "Multi Region Model Global Bidder",
  "population": 0,
  "id": 3,
  "worldId": 77,
  "implementation": "ch.uzh.ifi.ce.mweiss.specval.model.mrm.MRMGlobalBidder"
}