{
  "gammaValues": {
    "1": 0.96000,
    "2": 0.84000,
    "3": 0.64000,
    "4": 0.36000
  },
  "qualityFunction": {
    "linearFunctions": {
      "-0.11102560272053980938711248427352984435856342315673828125": {
        "slope": -3.4638123851,
        "yIntercept": -0.384571857763401954087326536646518349016332649625837802886962890625
      },
      "0.41102560272053980938711248427352984435856342315673828125": {
        "slope": 1.3983302642,
        "yIntercept": 0.155250460385176670426898640209323332328494871035218238830566406250
      },
      "1.11102560272053980938711248427352984435856342315673828125": {
        "slope": 0.3857142858,
        "yIntercept": 0.571461553201132450431781772404171704238251550123095512390136718750
      }
    },
    "lowestX": -0.18897439727946019061288751572647015564143657684326171875
  },
  "alpha": 870.9884413787473249612958170473575592041015625,
  "beta": 0.11102560272053980938711248427352984435856342315673828125,
  "setupType": "Multi Region Model Global Bidder",
  "population": 0,
  "id": 2,
  "worldId": 77,
  "implementation": "ch.uzh.ifi.ce.mweiss.specval.model.mrm.MRMGlobalBidder"
}