{
  "gammaValues": {
    "1": 0.96000,
    "2": 0.84000,
    "3": 0.64000,
    "4": 0.36000
  },
  "qualityFunction": {
    "linearFunctions": {
      "-0.1485455549609745851125097715339506976306438446044921875": {
        "slope": 92.8189078155,
        "yIntercept": 14.05783617232501128440359682014726416809935471974313259124755859375
      },
      "0.4514544450390254148874902284660493023693561553955078125": {
        "slope": 0.7666666667,
        "yIntercept": 0.38388492547503203375162331101311252723462530411779880523681640625
      },
      "1.1514544450390254148874902284660493023693561553955078125": {
        "slope": 0.3857142858,
        "yIntercept": 0.55586757116053695896862301917273896378901554271578788757324218750
      }
    },
    "lowestX": -0.1514544450390254148874902284660493023693561553955078125
  },
  "alpha": 1155.986849733550116070546209812164306640625,
  "beta": 0.1514544450390254148874902284660493023693561553955078125,
  "setupType": "Multi Region Model Global Bidder",
  "population": 0,
  "id": 2,
  "worldId": 77,
  "implementation": "ch.uzh.ifi.ce.mweiss.specval.model.mrm.MRMGlobalBidder"
}