{
  "gammaValues": {
    "1": 0.96000,
    "2": 0.84000,
    "3": 0.64000,
    "4": 0.36000
  },
  "qualityFunction": {
    "linearFunctions": {
      "-0.1291895145377199849434646239387802779674530029296875": {
        "slope": -6.4871144041,
        "yIntercept": -0.83806716061367033290081551388794878221233375370502471923828125
      },
      "0.4291895145377199849434646239387802779674530029296875": {
        "slope": 1.3073556885,
        "yIntercept": 0.16889664672544167013597282700487767215236090123653411865234375
      },
      "1.1291895145377199849434646239387802779674530029296875": {
        "slope": 0.3857142858,
        "yIntercept": 0.56445547292723461884714478919988778216065838932991027832031250
      }
    },
    "lowestX": -0.1708104854622800150565353760612197220325469970703125
  },
  "alpha": 989.882014592565838029258884489536285400390625,
  "beta": 0.1291895145377199849434646239387802779674530029296875,
  "setupType": "Multi Region Model Global Bidder",
  "population": 0,
  "id": 0,
  "worldId": 77,
  "implementation": "ch.uzh.ifi.ce.mweiss.specval.model.mrm.MRMGlobalBidder"
}