{
  "gammaValues": {
    "1": 0.96000,
    "2": 0.84000,
    "3": 0.64000,
    "4": 0.36000
  },
  "qualityFunction": {
    "linearFunctions": {
      "-0.1339913620848184994116536472574807703495025634765625": {
        "slope": 8.4329473073,
        "yIntercept": 1.39994209609537052117726874111980350789963267743587493896484375
      },
      "0.4660086379151815005883463527425192296504974365234375": {
        "slope": 0.7666666667,
        "yIntercept": 0.37272671093616056161842841287779037884320132434368133544921875
      },
      "1.1660086379151815005883463527425192296504974365234375": {
        "slope": 0.3857142858,
        "yIntercept": 0.55025381104991496652319370674888432404259219765663146972656250
      }
    },
    "lowestX": -0.1660086379151815005883463527425192296504974365234375
  },
  "alpha": 1299.687440053703539888374507427215576171875,
  "beta": 0.1660086379151815005883463527425192296504974365234375,
  "setupType": "Multi Region Model Global Bidder",
  "population": 0,
  "id": 1,
  "worldId": 77,
  "implementation": "ch.uzh.ifi.ce.mweiss.specval.model.mrm.MRMGlobalBidder"
}