{
  "gammaValues": {
    "1": 0.96000,
    "2": 0.84000,
    "3": 0.64000,
    "4": 0.36000
  },
  "qualityFunction": {
    "linearFunctions": {
      "-0.100125051409723953010910690863966010510921478271484375": {
        "slope": 2.7067697074,
        "yIntercept": 0.5410154561122915381938859202826108685258077457547187805175781250
      },
      "0.499874948590276046989089309136033989489078521728515625": {
        "slope": 0.7666666667,
        "yIntercept": 0.3467625394174591990220223280960709644205053336918354034423828125
      },
      "1.199874948590276046989089309136033989489078521728515625": {
        "slope": 0.3857142858,
        "yIntercept": 0.5371910912151899577107561767341792346996953710913658142089843750
      }
    },
    "lowestX": -0.199874948590276046989089309136033989489078521728515625
  },
  "alpha": 1027.41343098062361605116166174411773681640625,
  "beta": 0.199874948590276046989089309136033989489078521728515625,
  "setupType": "Multi Region Model Global Bidder",
  "population": 0,
  "id": 1,
  "worldId": 77,
  "implementation": "ch.uzh.ifi.ce.mweiss.specval.model.mrm.MRMGlobalBidder"
}