{
  "gammaValues": {
    "1": 0.96000,
    "2": 0.84000,
    "3": 0.64000,
    "4": 0.36000
  },
  "qualityFunction": {
    "linearFunctions": {
      "-0.113715289330216962060404739531804807484149932861328125": {
        "slope": -3.7205753472,
        "yIntercept": -0.4230863020782795709307804088439297629520297050476074218750000000
      },
      "0.413715289330216962060404739531804807484149932861328125": {
        "slope": 1.3840684055,
        "yIntercept": 0.1573897391842445536479983825284278964318218640983104705810546875
      },
      "1.113715289330216962060404739531804807484149932861328125": {
        "slope": 0.3857142858,
        "yIntercept": 0.5704241026514550041198252894325548822962446138262748718261718750
      }
    },
    "lowestX": -0.186284710669783037939595260468195192515850067138671875
  },
  "alpha": 1182.9025211292973835952579975128173828125,
  "beta": 0.113715289330216962060404739531804807484149932861328125,
  "setupType": "Multi Region Model Global Bidder",
  "population": 0,
  "id": 0,
  "worldId": 139,
  "implementation": "ch.uzh.ifi.ce.mweiss.specval.model.mrm.MRMGlobalBidder"
}