{
  "gammaValues": {
    "1": 0.96000,
    "2": 0.84000,
    "3": 0.64000,
    "4": 0.36000
  },
  "qualityFunction": {
    "linearFunctions": {
      "-0.1435578764763859871411710855682031251490116119384765625": {
        "slope": -20.9558229526,
        "yIntercept": -3.00837344288963491877003850860639033726329216733574867248535156250
      },
      "0.4435578764763859871411710855682031251490116119384765625": {
        "slope": 1.2433663998,
        "yIntercept": 0.17849504003737715454688698701879445707163540646433830261230468750
      },
      "1.1435578764763859871411710855682031251490116119384765625": {
        "slope": 0.3857142858,
        "yIntercept": 0.55891339046394615840471521095444984439382096752524375915527343750
      }
    },
    "lowestX": -0.1564421235236140128588289144317968748509883880615234375
  },
  "alpha": 1174.184356953591532146674580872058868408203125,
  "beta": 0.1435578764763859871411710855682031251490116119384765625,
  "setupType": "Multi Region Model Global Bidder",
  "population": 0,
  "id": 1,
  "worldId": 139,
  "implementation": "ch.uzh.ifi.ce.mweiss.specval.model.mrm.MRMGlobalBidder"
}