{
  "gammaValues": {
    "1": 0.96000,
    "2": 0.84000,
    "3": 0.64000,
    "4": 0.36000
  },
  "qualityFunction": {
    "linearFunctions": {
      "-0.1180381591534378049601627935771830379962921142578125": {
        "slope": 4.2237867540,
        "yIntercept": 0.76856801310116554584642889480505800747778266668319702148437500
      },
      "0.4819618408465621950398372064228169620037078857421875": {
        "slope": 0.7666666667,
        "yIntercept": 0.36049592202157025577457273524117908891639672219753265380859375
      },
      "1.1819618408465621950398372064228169620037078857421875": {
        "slope": 0.3857142858,
        "yIntercept": 0.54410043277501499555492888937635598267661407589912414550781250
      }
    },
    "lowestX": -0.1819618408465621950398372064228169620037078857421875
  },
  "alpha": 1233.42477952746821756591089069843292236328125,
  "beta": 0.1819618408465621950398372064228169620037078857421875,
  "setupType": "Multi Region Model Global Bidder",
  "population": 0,
  "id": 1,
  "worldId": 35,
  "implementation": "ch.uzh.ifi.ce.mweiss.specval.model.mrm.MRMGlobalBidder"
}