{
  "gammaValues": {
    "1": 0.96000,
    "2": 0.84000,
    "3": 0.64000,
    "4": 0.36000
  },
  "qualityFunction": {
    "linearFunctions": {
      "-0.13968382133806367395578718060278333723545074462890625": {
        "slope": -13.0862409836,
        "yIntercept": -1.827936147539970959213389862796361740038264542818069458007812500
      },
      "0.43968382133806367395578718060278333723545074462890625": {
        "slope": 1.2599944254,
        "yIntercept": 0.176000836204529798014535013628290016640676185488700866699218750
      },
      "1.13968382133806367395578718060278333723545074462890625": {
        "slope": 0.3857142858,
        "yIntercept": 0.560407668874773969645219486857001811586087569594383239746093750
      }
    },
    "lowestX": -0.16031617866193632604421281939721666276454925537109375
  },
  "alpha": 803.802296204676167690195143222808837890625,
  "beta": 0.13968382133806367395578718060278333723545074462890625,
  "setupType": "Multi Region Model Global Bidder",
  "population": 0,
  "id": 0,
  "worldId": 35,
  "implementation": "ch.uzh.ifi.ce.mweiss.specval.model.mrm.MRMGlobalBidder"
}