{
  "gammaValues": {
    "1": 0.96000,
    "2": 0.84000,
    "3": 0.64000,
    "4": 0.36000
  },
  "qualityFunction": {
    "linearFunctions": {
      "-0.1163734682040831580618345242328359745442867279052734375": {
        "slope": 4.0146869984,
        "yIntercept": 0.73720304976235154753674079231018367863725870847702026367187500000
      },
      "0.4836265317959168419381654757671640254557132720947265625": {
        "slope": 0.7666666667,
        "yIntercept": 0.35921965896034287012087590718056873129171435721218585968017578125
      },
      "1.1836265317959168419381654757671640254557132720947265625": {
        "slope": 0.3857142858,
        "yIntercept": 0.54345833769440694395562901575225112082989653572440147399902343750
      }
    },
    "lowestX": -0.1836265317959168419381654757671640254557132720947265625
  },
  "alpha": 1088.8637862442983532673679292201995849609375,
  "beta": 0.1836265317959168419381654757671640254557132720947265625,
  "setupType": "Multi Region Model Global Bidder",
  "population": 0,
  "id": 0,
  "worldId": 35,
  "implementation": "ch.uzh.ifi.ce.mweiss.specval.model.mrm.MRMGlobalBidder"
}