{
  "gammaValues": {
    "1": 0.96000,
    "2": 0.84000,
    "3": 0.64000,
    "4": 0.36000
  },
  "qualityFunction": {
    "linearFunctions": {
      "-0.119280943427457553074333418408059515058994293212890625": {
        "slope": 4.3946662126,
        "yIntercept": 0.7941999318923002523835556698550419696402968838810920715332031250
      },
      "0.480719056572542446925666581591940484941005706787109375": {
        "slope": 0.7666666667,
        "yIntercept": 0.3614487232983601554712375392153234088254976086318492889404296875
      },
      "1.180719056572542446925666581591940484941005706787109375": {
        "slope": 0.3857142858,
        "yIntercept": 0.5445797924236719941938821087923372488148743286728858947753906250
      }
    },
    "lowestX": -0.180719056572542446925666581591940484941005706787109375
  },
  "alpha": 1057.686681962284865221590735018253326416015625,
  "beta": 0.180719056572542446925666581591940484941005706787109375,
  "setupType": "Multi Region Model Global Bidder",
  "population": 0,
  "id": 0,
  "worldId": 53,
  "implementation": "ch.uzh.ifi.ce.mweiss.specval.model.mrm.MRMGlobalBidder"
}