{
  "gammaValues": {
    "1": 0.96000,
    "2": 0.84000,
    "3": 0.64000,
    "4": 0.36000
  },
  "qualityFunction": {
    "linearFunctions": {
      "-0.131476231788861974703053192570223473012447357177734375": {
        "slope": -7.2879339916,
        "yIntercept": -0.9581900987384723402809193215645677810243796557188034057617187500
      },
      "0.431476231788861974703053192570223473012447357177734375": {
        "slope": 1.2967347108,
        "yIntercept": 0.1704897934058036994276805975445654439681675285100936889648437500
      },
      "1.131476231788861974703053192570223473012447357177734375": {
        "slope": 0.3857142858,
        "yIntercept": 0.5635734534158838470326341707483663867606082931160926818847656250
      }
    },
    "lowestX": -0.168523768211138025296946807429776526987552642822265625
  },
  "alpha": 1101.33500031001995012047700583934783935546875,
  "beta": 0.131476231788861974703053192570223473012447357177734375,
  "setupType": "Multi Region Model Global Bidder",
  "population": 0,
  "id": 2,
  "worldId": 53,
  "implementation": "ch.uzh.ifi.ce.mweiss.specval.model.mrm.MRMGlobalBidder"
}