{
  "gammaValues": {
    "1": 0.96000,
    "2": 0.84000,
    "3": 0.64000,
    "4": 0.36000
  },
  "qualityFunction": {
    "linearFunctions": {
      "-0.11694599850099342275289160397733212448656558990478515625": {
        "slope": -4.0842256270,
        "yIntercept": -0.477633844047139077834195222682645010081614600494503974914550781250
      },
      "0.41694599850099342275289160397733212448656558990478515625": {
        "slope": 1.3673177424,
        "yIntercept": 0.159902338653092110955732541022200621227966621518135070800781250000
      },
      "1.11694599850099342275289160397733212448656558990478515625": {
        "slope": 0.3857142858,
        "yIntercept": 0.569177971971021451352370945087066900214267661795020103454589843750
      }
    },
    "lowestX": -0.18305400149900657724710839602266787551343441009521484375
  },
  "alpha": 1084.72576048168048146180808544158935546875,
  "beta": 0.11694599850099342275289160397733212448656558990478515625,
  "setupType": "Multi Region Model Global Bidder",
  "population": 0,
  "id": 0,
  "worldId": 53,
  "implementation": "ch.uzh.ifi.ce.mweiss.specval.model.mrm.MRMGlobalBidder"
}