{
  "gammaValues": {
    "1": 0.96000,
    "2": 0.84000,
    "3": 0.64000,
    "4": 0.36000
  },
  "qualityFunction": {
    "linearFunctions": {
      "-0.1360213900490904015416759875733987428247928619384765625": {
        "slope": 9.6576126292,
        "yIntercept": 1.58364189438056533009861083227676203932787757366895675659179687500
      },
      "0.4639786099509095984583240124266012571752071380615234375": {
        "slope": 0.7666666667,
        "yIntercept": 0.37428306570883668751692127052432823575145448558032512664794921875
      },
      "1.1639786099509095984583240124266012571752071380615234375": {
        "slope": 0.3857142858,
        "yIntercept": 0.55103682183630813117028277248188317116728285327553749084472656250
      }
    },
    "lowestX": -0.1639786099509095984583240124266012571752071380615234375
  },
  "alpha": 1332.42985028632756439037621021270751953125,
  "beta": 0.1639786099509095984583240124266012571752071380615234375,
  "setupType": "Multi Region Model Global Bidder",
  "population": 0,
  "id": 2,
  "worldId": 53,
  "implementation": "ch.uzh.ifi.ce.mweiss.specval.model.mrm.MRMGlobalBidder"
}