{
  "gammaValues": {
    "1": 0.96000,
    "2": 0.84000,
    "3": 0.64000,
    "4": 0.36000
  },
  "qualityFunction": {
    "linearFunctions": {
      "-0.1458027063628447417276134956409805454313755035400390625": {
        "slope": 32.1635824583,
        "yIntercept": 4.95953736874534107008333653487941461435184464789927005767822265625
      },
      "0.4541972936371552582723865043590194545686244964599609375": {
        "slope": 0.7666666667,
        "yIntercept": 0.38178207488304105886993183804900553468542057089507579803466796875
      },
      "1.1541972936371552582723865043590194545686244964599609375": {
        "slope": 0.3857142858,
        "yIntercept": 0.55480961527245177521175189760960222429275745525956153869628906250
      }
    },
    "lowestX": -0.1541972936371552582723865043590194545686244964599609375
  },
  "alpha": 1183.09684628689001328893937170505523681640625,
  "beta": 0.1541972936371552582723865043590194545686244964599609375,
  "setupType": "Multi Region Model Global Bidder",
  "population": 0,
  "id": 1,
  "worldId": 53,
  "implementation": "ch.uzh.ifi.ce.mweiss.specval.model.mrm.MRMGlobalBidder"
}