{
  "gammaValues": {
    "1": 0.96000,
    "2": 0.84000,
    "3": 0.64000,
    "4": 0.36000
  },
  "qualityFunction": {
    "linearFunctions": {
      "-0.11240371775228823192360749771978589706122875213623046875": {
        "slope": -3.5907805753,
        "yIntercept": -0.403617086293579639681928843686353758357654442079365253448486328125
      },
      "0.41240371775228823192360749771978589706122875213623046875": {
        "slope": 1.3909863897,
        "yIntercept": 0.156352041545113206637215079453095967210174421779811382293701171875
      },
      "1.11240371775228823192360749771978589706122875213623046875": {
        "slope": 0.3857142858,
        "yIntercept": 0.570929994545911363307840973857487654186115832999348640441894531250
      }
    },
    "lowestX": -0.18759628224771176807639250228021410293877124786376953125
  },
  "alpha": 934.75013760349384028813801705837249755859375,
  "beta": 0.11240371775228823192360749771978589706122875213623046875,
  "setupType": "Multi Region Model Global Bidder",
  "population": 0,
  "id": 3,
  "worldId": 53,
  "implementation": "ch.uzh.ifi.ce.mweiss.specval.model.mrm.MRMGlobalBidder"
}