{
  "gammaValues": {
    "1": 0.96000,
    "2": 0.84000,
    "3": 0.64000,
    "4": 0.36000
  },
  "qualityFunction": {
    "linearFunctions": {
      "-0.1163847260585992415826694923453032970428466796875": {
        "slope": 4.0160315289,
        "yIntercept": 0.73740472933627601683437138291310475324280560016632080078125
      },
      "0.4836152739414007584173305076546967029571533203125": {
        "slope": 0.7666666667,
        "yIntercept": 0.35922828998213890941533325218415484414435923099517822265625
      },
      "1.1836152739414007584173305076546967029571533203125": {
        "slope": 0.3857142858,
        "yIntercept": 0.54346268000972125541548102489741722820326685905456542968750
      }
    },
    "lowestX": -0.1836152739414007584173305076546967029571533203125
  },
  "alpha": 853.7313197163375662057660520076751708984375,
  "beta": 0.1836152739414007584173305076546967029571533203125,
  "setupType": "Multi Region Model Global Bidder",
  "population": 0,
  "id": 1,
  "worldId": 53,
  "implementation": "ch.uzh.ifi.ce.mweiss.specval.model.mrm.MRMGlobalBidder"
}