{
  "gammaValues": {
    "1": 0.96000,
    "2": 0.84000,
    "3": 0.64000,
    "4": 0.36000
  },
  "qualityFunction": {
    "linearFunctions": {
      "-0.1422969110796358516157766871401690877974033355712890625": {
        "slope": -17.5254370546,
        "yIntercept": -2.49381555818982855461823996523484936460590688511729240417480468750
      },
      "0.4422969110796358516157766871401690877974033355712890625": {
        "slope": 1.2487302677,
        "yIntercept": 0.17769045986535677300668630007596249242851627059280872344970703125
      },
      "1.1422969110796358516157766871401690877974033355712890625": {
        "slope": 0.3857142858,
        "yIntercept": 0.55939976283137215056994591910743963580898707732558250427246093750
      }
    },
    "lowestX": -0.1577030889203641483842233128598309122025966644287109375
  },
  "alpha": 862.7365616645450927535421214997768402099609375,
  "beta": 0.1422969110796358516157766871401690877974033355712890625,
  "setupType": "Multi Region Model Global Bidder",
  "population": 0,
  "id": 0,
  "worldId": 5,
  "implementation": "ch.uzh.ifi.ce.mweiss.specval.model.mrm.MRMGlobalBidder"
}