{
  "gammaValues": {
    "1": 0.96000,
    "2": 0.84000,
    "3": 0.64000,
    "4": 0.36000
  },
  "qualityFunction": {
    "linearFunctions": {
      "-0.128638970865643853525028816875419579446315765380859375": {
        "slope": -6.3199202225,
        "yIntercept": -0.8129880333746290796243424703337865366847836412489414215087890625
      },
      "0.428638970865643853525028816875419579446315765380859375": {
        "slope": 1.3099388032,
        "yIntercept": 0.1685091795406211774840123496232990873977541923522949218750000000
      },
      "1.128638970865643853525028816875419579446315765380859375": {
        "slope": 0.3857142858,
        "yIntercept": 0.5646678254865111732804336974744785493385279551148414611816406250
      }
    },
    "lowestX": -0.171361029134356146474971183124580420553684234619140625
  },
  "alpha": 1296.05470585079956435947678983211517333984375,
  "beta": 0.128638970865643853525028816875419579446315765380859375,
  "setupType": "Multi Region Model Global Bidder",
  "population": 0,
  "id": 3,
  "worldId": 5,
  "implementation": "ch.uzh.ifi.ce.mweiss.specval.model.mrm.MRMGlobalBidder"
}