{
  "gammaValues": {
    "1": 0.96000,
    "2": 0.84000,
    "3": 0.64000,
    "4": 0.36000
  },
  "qualityFunction": {
    "linearFunctions": {
      "-0.1427558465450795288642638070086832158267498016357421875": {
        "slope": -18.6357178709,
        "yIntercept": -2.66035768063440340148248659135621352334055700339376926422119140625
      },
      "0.4427558465450795288642638070086832158267498016357421875": {
        "slope": 1.2467727095,
        "yIntercept": 0.17798409359397501809508164438700106302349013276398181915283203125
      },
      "1.1427558465450795288642638070086832158267498016357421875": {
        "slope": 0.3857142858,
        "yIntercept": 0.55922274486609025201992000053685671900893794372677803039550781250
      }
    },
    "lowestX": -0.1572441534549204711357361929913167841732501983642578125
  },
  "alpha": 1286.224200677115049984422512352466583251953125,
  "beta": 0.1427558465450795288642638070086832158267498016357421875,
  "setupType": "Multi Region Model Global Bidder",
  "population": 0,
  "id": 2,
  "worldId": 5,
  "implementation": "ch.uzh.ifi.ce.mweiss.specval.model.mrm.MRMGlobalBidder"
}