{
  "gammaValues": {
    "1": 0.96000,
    "2": 0.84000,
    "3": 0.64000,
    "4": 0.36000
  },
  "qualityFunction": {
    "linearFunctions": {
      "-0.1104018916181677967269791906801401637494564056396484375": {
        "slope": -3.4092537627,
        "yIntercept": -0.37638806440156384732857744956913137457377160899341106414794921875
      },
      "0.4104018916181677967269791906801401637494564056396484375": {
        "slope": 1.4016795260,
        "yIntercept": 0.15474807111285681030473654340440248233790043741464614868164062500
      },
      "1.1104018916181677967269791906801401637494564056396484375": {
        "slope": 0.3857142858,
        "yIntercept": 0.57170212748352940198089364387534772049548337236046791076660156250
      }
    },
    "lowestX": -0.1895981083818322032730208093198598362505435943603515625
  },
  "alpha": 1391.6840810626044913078658282756805419921875,
  "beta": 0.1104018916181677967269791906801401637494564056396484375,
  "setupType": "Multi Region Model Global Bidder",
  "population": 0,
  "id": 1,
  "worldId": 5,
  "implementation": "ch.uzh.ifi.ce.mweiss.specval.model.mrm.MRMGlobalBidder"
}