{
  "gammaValues": {
    "1": 0.96000,
    "2": 0.84000,
    "3": 0.64000,
    "4": 0.36000
  },
  "qualityFunction": {
    "linearFunctions": {
      "-0.11543770894671483151494584262763964943587779998779296875": {
        "slope": -3.9059910638,
        "yIntercept": -0.450898659568586557735698922555478418416896602138876914978027343750
      },
      "0.41543770894671483151494584262763964943587779998779296875": {
        "slope": 1.3750872152,
        "yIntercept": 0.158736917724606222856424075917658456091885454952716827392578125000
      },
      "1.11543770894671483151494584262763964943587779998779296875": {
        "slope": 0.3857142858,
        "yIntercept": 0.569759740799229618505945332285200777278078021481633186340332031250
      }
    },
    "lowestX": -0.18456229105328516848505415737236035056412220001220703125
  },
  "alpha": 1257.3019054249352848273701965808868408203125,
  "beta": 0.11543770894671483151494584262763964943587779998779296875,
  "setupType": "Multi Region Model Global Bidder",
  "population": 0,
  "id": 0,
  "worldId": 5,
  "implementation": "ch.uzh.ifi.ce.mweiss.specval.model.mrm.MRMGlobalBidder"
}