{
  "gammaValues": {
    "1": 0.96000,
    "2": 0.84000,
    "3": 0.64000,
    "4": 0.36000
  },
  "qualityFunction": {
    "linearFunctions": {
      "-0.10614162608299566870062591306123067624866962432861328125": {
        "slope": -3.0780894945,
        "yIntercept": -0.326713424174783847083600911431755520197839359752833843231201171875
      },
      "0.40614162608299566870062591306123067624866962432861328125": {
        "slope": 1.4249929057,
        "yIntercept": 0.151251064167730907302219463261838683365567703731358051300048828125
      },
      "1.10614162608299566870062591306123067624866962432861328125": {
        "slope": 0.3857142858,
        "yIntercept": 0.573345372761746674122644661930614518041693372651934623718261718750
      }
    },
    "lowestX": -0.19385837391700433129937408693876932375133037567138671875
  },
  "alpha": 1332.286537868845925913774408400058746337890625,
  "beta": 0.10614162608299566870062591306123067624866962432861328125,
  "setupType": "Multi Region Model Global Bidder",
  "population": 0,
  "id": 0,
  "worldId": 5,
  "implementation": "ch.uzh.ifi.ce.mweiss.specval.model.mrm.MRMGlobalBidder"
}