{
  "gammaValues": {
    "1": 0.96000,
    "2": 0.84000,
    "3": 0.64000,
    "4": 0.36000
  },
  "qualityFunction": {
    "linearFunctions": {
      "-0.1198909787546014571457675401688902638852596282958984375": {
        "slope": 4.4837060262,
        "yIntercept": 0.80755590393097727561622102832039615805115317925810813903808593750
      },
      "0.4801090212453985428542324598311097361147403717041015625": {
        "slope": 0.7666666667,
        "yIntercept": 0.36191641704919081643690849603434145365099539048969745635986328125
      },
      "1.1801090212453985428542324598311097361147403717041015625": {
        "slope": 0.3857142858,
        "yIntercept": 0.54481509176419407450661903324906631951307645067572593688964843750
      }
    },
    "lowestX": -0.1801090212453985428542324598311097361147403717041015625
  },
  "alpha": 1296.004733252242658636532723903656005859375,
  "beta": 0.1801090212453985428542324598311097361147403717041015625,
  "setupType": "Multi Region Model Global Bidder",
  "population": 0,
  "id": 1,
  "worldId": 5,
  "implementation": "ch.uzh.ifi.ce.mweiss.specval.model.mrm.MRMGlobalBidder"
}