{
  "gammaValues": {
    "1": 0.96000,
    "2": 0.84000,
    "3": 0.64000,
    "4": 0.36000
  },
  "qualityFunction": {
    "linearFunctions": {
      "-0.1148703426597954935228784734135842882096767425537109375": {
        "slope": 3.8429068264,
        "yIntercept": 0.71143602396176476511297332994132602834724821150302886962890625000
      },
      "0.4851296573402045064771215265864157117903232574462890625": {
        "slope": 0.7666666667,
        "yIntercept": 0.35806726270967222312286667940117723674120497889816761016845703125
      },
      "1.1851296573402045064771215265864157117903232574462890625": {
        "slope": 0.3857142858,
        "yIntercept": 0.54287856069862429115823559633291495174489682540297508239746093750
      }
    },
    "lowestX": -0.1851296573402045064771215265864157117903232574462890625
  },
  "alpha": 829.4019049308835747069679200649261474609375,
  "beta": 0.1851296573402045064771215265864157117903232574462890625,
  "setupType": "Multi Region Model Global Bidder",
  "population": 0,
  "id": 0,
  "worldId": 95,
  "implementation": "ch.uzh.ifi.ce.mweiss.specval.model.mrm.MRMGlobalBidder"
}