{
  "gammaValues": {
    "1": 0.96000,
    "2": 0.84000,
    "3": 0.64000,
    "4": 0.36000
  },
  "qualityFunction": {
    "linearFunctions": {
      "-0.1242760485735713127386503629168146289885044097900390625": {
        "slope": 5.2480273253,
        "yIntercept": 0.92220409879558766333937091796979501623354735784232616424560546875
      },
      "0.4757239514264286872613496370831853710114955902099609375": {
        "slope": 0.7666666667,
        "yIntercept": 0.36527830391054720805208432199417956098841386847198009490966796875
      },
      "1.1757239514264286872613496370831853710114955902099609375": {
        "slope": 0.3857142858,
        "yIntercept": 0.54650647583760116764835696678836995943129295483231544494628906250
      }
    },
    "lowestX": -0.1757239514264286872613496370831853710114955902099609375
  },
  "alpha": 1302.000322417981124090147204697132110595703125,
  "beta": 0.1757239514264286872613496370831853710114955902099609375,
  "setupType": "Multi Region Model Global Bidder",
  "population": 0,
  "id": 1,
  "worldId": 95,
  "implementation": "ch.uzh.ifi.ce.mweiss.specval.model.mrm.MRMGlobalBidder"
}