{
  "gammaValues": {
    "1": 0.96000,
    "2": 0.84000,
    "3": 0.64000,
    "4": 0.36000
  },
  "qualityFunction": {
    "linearFunctions": {
      "-0.11150271137557010714402849771431647241115570068359375": {
        "slope": -3.5067404698,
        "yIntercept": -0.391011070466859478230913169660709627351025119423866271972656250
      },
      "0.41150271137557010714402849771431647241115570068359375": {
        "slope": 1.3957790269,
        "yIntercept": 0.155633145980504804582220834685557520060683600604534149169921875
      },
      "1.11150271137557010714402849771431647241115570068359375": {
        "slope": 0.3857142858,
        "yIntercept": 0.571277525577008440555111570269275489408755674958229064941406250
      }
    },
    "lowestX": -0.18849728862442989285597150228568352758884429931640625
  },
  "alpha": 1170.78321576021289729396812617778778076171875,
  "beta": 0.11150271137557010714402849771431647241115570068359375,
  "setupType": "Multi Region Model Global Bidder",
  "population": 0,
  "id": 0,
  "worldId": 95,
  "implementation": "ch.uzh.ifi.ce.mweiss.specval.model.mrm.MRMGlobalBidder"
}