{
  "gammaValues": {
    "1": 0.96000,
    "2": 0.84000,
    "3": 0.64000,
    "4": 0.36000
  },
  "qualityFunction": {
    "linearFunctions": {
      "-0.1193907479457507303521879293839447200298309326171875": {
        "slope": 4.4104311913,
        "yIntercept": 0.79656467869742457855995472204568841334548778831958770751953125
      },
      "0.4806092520542492696478120706160552799701690673828125": {
        "slope": 0.7666666667,
        "yIntercept": 0.36153290676238858486820243687276388300233520567417144775390625
      },
      "1.1806092520542492696478120706160552799701690673828125": {
        "slope": 0.3857142858,
        "yIntercept": 0.54462214559502306010262254964970907167298719286918640136718750
      }
    },
    "lowestX": -0.1806092520542492696478120706160552799701690673828125
  },
  "alpha": 1205.60718865173976155347190797328948974609375,
  "beta": 0.1806092520542492696478120706160552799701690673828125,
  "setupType": "Multi Region Model Global Bidder",
  "population": 0,
  "id": 1,
  "worldId": 95,
  "implementation": "ch.uzh.ifi.ce.mweiss.specval.model.mrm.MRMGlobalBidder"
}