{
  "gammaValues": {
    "1": 0.96000,
    "2": 0.84000,
    "3": 0.64000,
    "4": 0.36000
  },
  "qualityFunction": {
    "linearFunctions": {
      "-0.11879800443258427267156918105683871544897556304931640625": {
        "slope": -4.3266463424,
        "yIntercept": -0.513996951357340269265790926311865405295975506305694580078125000000
      },
      "0.41879800443258427267156918105683871544897556304931640625": {
        "slope": 1.3578969858,
        "yIntercept": 0.161315452138061223165209104313255750184907810762524604797363281250
      },
      "1.11879800443258427267156918105683871544897556304931640625": {
        "slope": 0.3857142858,
        "yIntercept": 0.568463626825820523018173235363370565664808964356780052185058593750
      }
    },
    "lowestX": -0.18120199556741572732843081894316128455102443695068359375
  },
  "alpha": 1355.74583660013604458072222769260406494140625,
  "beta": 0.11879800443258427267156918105683871544897556304931640625,
  "setupType": "Multi Region Model Global Bidder",
  "population": 0,
  "id": 1,
  "worldId": 103,
  "implementation": "ch.uzh.ifi.ce.mweiss.specval.model.mrm.MRMGlobalBidder"
}