{
  "gammaValues": {
    "1": 0.96000,
    "2": 0.84000,
    "3": 0.64000,
    "4": 0.36000
  },
  "qualityFunction": {
    "linearFunctions": {
      "-0.1281096558145850661247777679818682372570037841796875": {
        "slope": 6.1671026667,
        "yIntercept": 1.06006540000585327794788719213414651676430366933345794677734375
      },
      "0.4718903441854149338752222320181317627429962158203125": {
        "slope": 0.7666666667,
        "yIntercept": 0.36821740279545220588948245765692490749643184244632720947265625
      },
      "1.1718903441854149338752222320181317627429962158203125": {
        "slope": 0.3857142858,
        "yIntercept": 0.54798515291660649600366443046084441448329016566276550292968750
      }
    },
    "lowestX": -0.1718903441854149338752222320181317627429962158203125
  },
  "alpha": 840.7372335754738514879136346280574798583984375,
  "beta": 0.1718903441854149338752222320181317627429962158203125,
  "setupType": "Multi Region Model Global Bidder",
  "population": 0,
  "id": 0,
  "worldId": 103,
  "implementation": "ch.uzh.ifi.ce.mweiss.specval.model.mrm.MRMGlobalBidder"
}