{
  "gammaValues": {
    "1": 0.96000,
    "2": 0.84000,
    "3": 0.64000,
    "4": 0.36000
  },
  "qualityFunction": {
    "linearFunctions": {
      "-0.145850975152785888866446839529089629650115966796875": {
        "slope": -32.5377660947,
        "yIntercept": -4.7456649142047511529927238083104157340130768716335296630859375
      },
      "0.445850975152785888866446839529089629650115966796875": {
        "slope": 1.2337292443,
        "yIntercept": 0.1799406133556646117109052429583471166552044451236724853515625
      },
      "1.145850975152785888866446839529089629650115966796875": {
        "slope": 0.3857142858,
        "yIntercept": 0.5580289095457096449955602857073699851753190159797668457031250
      }
    },
    "lowestX": -0.154149024847214111133553160470910370349884033203125
  },
  "alpha": 894.6203979761536402293131686747074127197265625,
  "beta": 0.145850975152785888866446839529089629650115966796875,
  "setupType": "Multi Region Model Global Bidder",
  "population": 0,
  "id": 1,
  "worldId": 103,
  "implementation": "ch.uzh.ifi.ce.mweiss.specval.model.mrm.MRMGlobalBidder"
}