{
  "gammaValues": {
    "1": 0.96000,
    "2": 0.84000,
    "3": 0.64000,
    "4": 0.36000
  },
  "qualityFunction": {
    "linearFunctions": {
      "-0.130922582362901895880469282928970642387866973876953125": {
        "slope": 7.0764294502,
        "yIntercept": 1.1964644175309259200580331072849560314352856948971748352050781250
      },
      "0.469077417637098104119530717071029357612133026123046875": {
        "slope": 0.7666666667,
        "yIntercept": 0.3703739798159222062537898467748931352616637013852596282958984375
      },
      "1.169077417637098104119530717071029357612133026123046875": {
        "slope": 0.3857142858,
        "yIntercept": 0.5490701388711983811850011716337860434578033164143562316894531250
      }
    },
    "lowestX": -0.169077417637098104119530717071029357612133026123046875
  },
  "alpha": 1324.278807604505118433735333383083343505859375,
  "beta": 0.169077417637098104119530717071029357612133026123046875,
  "setupType": "Multi Region Model Global Bidder",
  "population": 0,
  "id": 0,
  "worldId": 103,
  "implementation": "ch.uzh.ifi.ce.mweiss.specval.model.mrm.MRMGlobalBidder"
}