{
  "gammaValues": {
    "1": 0.96000,
    "2": 0.84000,
    "3": 0.64000,
    "4": 0.36000
  },
  "qualityFunction": {
    "linearFunctions": {
      "-0.1453769055852462799283131289485027082264423370361328125": {
        "slope": 29.2012206304,
        "yIntercept": 4.51518309456039334469248922587780725734774023294448852539062500000
      },
      "0.4546230944147537200716868710514972917735576629638671875": {
        "slope": 0.7666666667,
        "yIntercept": 0.38145562762020137813121494152479584727188921533524990081787109375
      },
      "1.1546230944147537200716868710514972917735576629638671875": {
        "slope": 0.3857142858,
        "yIntercept": 0.55464537782962729987965617373113502708292799070477485656738281250
      }
    },
    "lowestX": -0.1546230944147537200716868710514972917735576629638671875
  },
  "alpha": 1074.19119432503930511302314698696136474609375,
  "beta": 0.1546230944147537200716868710514972917735576629638671875,
  "setupType": "Multi Region Model Global Bidder",
  "population": 0,
  "id": 0,
  "worldId": 141,
  "implementation": "ch.uzh.ifi.ce.mweiss.specval.model.mrm.MRMGlobalBidder"
}