{
  "gammaValues": {
    "1": 0.96000,
    "2": 0.84000,
    "3": 0.64000,
    "4": 0.36000
  },
  "qualityFunction": {
    "linearFunctions": {
      "-0.10636440151906778606161196876200847327709197998046875": {
        "slope": -3.0938042492,
        "yIntercept": -0.329070637376693148659748358042520521848928183317184448242187500
      },
      "0.40636440151906778606161196876200847327709197998046875": {
        "slope": 1.4237546159,
        "yIntercept": 0.151436807630213732270213722319596172383171506226062774658203125
      },
      "1.10636440151906778606161196876200847327709197998046875": {
        "slope": 0.3857142858,
        "yIntercept": 0.573259445093528333817458144672229991556378081440925598144531250
      }
    },
    "lowestX": -0.19363559848093221393838803123799152672290802001953125
  },
  "alpha": 1286.70261984192302406881935894489288330078125,
  "beta": 0.10636440151906778606161196876200847327709197998046875,
  "setupType": "Multi Region Model Global Bidder",
  "population": 0,
  "id": 1,
  "worldId": 141,
  "implementation": "ch.uzh.ifi.ce.mweiss.specval.model.mrm.MRMGlobalBidder"
}