{
  "gammaValues": {
    "1": 0.96000,
    "2": 0.84000,
    "3": 0.64000,
    "4": 0.36000
  },
  "qualityFunction": {
    "linearFunctions": {
      "-0.13870132947651099275532260435284115374088287353515625": {
        "slope": 11.9483084067,
        "yIntercept": 1.927246261005337195076616130240410029728082008659839630126953125
      },
      "0.46129867052348900724467739564715884625911712646484375": {
        "slope": 0.7666666667,
        "yIntercept": 0.376337685936615138761631029762355638013104908168315887451171875
      },
      "1.16129867052348900724467739564715884625911712646484375": {
        "slope": 0.3857142858,
        "yIntercept": 0.552070512758542925446468232486552096816012635827064514160156250
      }
    },
    "lowestX": -0.16129867052348900724467739564715884625911712646484375
  },
  "alpha": 1123.319470787562522673397324979305267333984375,
  "beta": 0.16129867052348900724467739564715884625911712646484375,
  "setupType": "Multi Region Model Global Bidder",
  "population": 0,
  "id": 2,
  "worldId": 89,
  "implementation": "ch.uzh.ifi.ce.mweiss.specval.model.mrm.MRMGlobalBidder"
}