{
  "gammaValues": {
    "1": 0.96000,
    "2": 0.84000,
    "3": 0.64000,
    "4": 0.36000
  },
  "qualityFunction": {
    "linearFunctions": {
      "-0.110565776353766864747996123696793802082538604736328125": {
        "slope": 3.4234222845,
        "yIntercept": 0.6485133426774713597040125934167775767491548322141170501708984375
      },
      "0.489434223646233135252003876303206197917461395263671875": {
        "slope": 0.7666666667,
        "yIntercept": 0.3547670952082401221852559236591417857198393903672695159912109375
      },
      "1.189434223646233135252003876303206197917461395263671875": {
        "slope": 0.3857142858,
        "yIntercept": 0.5412182279802157143759785218328772771201329305768013000488281250
      }
    },
    "lowestX": -0.189434223646233135252003876303206197917461395263671875
  },
  "alpha": 1013.72968888251352836959995329380035400390625,
  "beta": 0.189434223646233135252003876303206197917461395263671875,
  "setupType": "Multi Region Model Global Bidder",
  "population": 0,
  "id": 1,
  "worldId": 89,
  "implementation": "ch.uzh.ifi.ce.mweiss.specval.model.mrm.MRMGlobalBidder"
}