{
  "gammaValues": {
    "1": 0.96000,
    "2": 0.84000,
    "3": 0.64000,
    "4": 0.36000
  },
  "qualityFunction": {
    "linearFunctions": {
      "-0.13555601817447981982667215561377815902233123779296875": {
        "slope": -9.3464531893,
        "yIntercept": -1.266967978394324324112510657958097226583049632608890533447265625
      },
      "0.43555601817447981982667215561377815902233123779296875": {
        "slope": 1.2782080460,
        "yIntercept": 0.173268793114342337567082674709695311321411281824111938476562500
      },
      "1.13555601817447981982667215561377815902233123779296875": {
        "slope": 0.3857142858,
        "yIntercept": 0.561999821523938696509042469706685096753062680363655090332031250
      }
    },
    "lowestX": -0.16444398182552018017332784438622184097766876220703125
  },
  "alpha": 829.9927853507628014995134435594081878662109375,
  "beta": 0.13555601817447981982667215561377815902233123779296875,
  "setupType": "Multi Region Model Global Bidder",
  "population": 0,
  "id": 0,
  "worldId": 89,
  "implementation": "ch.uzh.ifi.ce.mweiss.specval.model.mrm.MRMGlobalBidder"
}