{
  "gammaValues": {
    "1": 0.96000,
    "2": 0.84000,
    "3": 0.64000,
    "4": 0.36000
  },
  "qualityFunction": {
    "linearFunctions": {
      "-0.129500741306824662668617520466796122491359710693359375": {
        "slope": 6.5856039978,
        "yIntercept": 1.1228405996717119051059160406147441335633629932999610900878906250
      },
      "0.470499258693175337331382479533203877508640289306640625": {
        "slope": 0.7666666667,
        "yIntercept": 0.3692839016728822660895009211134976112589356489479541778564453125
      },
      "1.170499258693175337331382479533203877508640289306640625": {
        "slope": 0.3857142858,
        "yIntercept": 0.5485217144637324334270517289802171490009641274809837341308593750
      }
    },
    "lowestX": -0.170499258693175337331382479533203877508640289306640625
  },
  "alpha": 1106.984347828750969711109064519405364990234375,
  "beta": 0.170499258693175337331382479533203877508640289306640625,
  "setupType": "Multi Region Model Global Bidder",
  "population": 0,
  "id": 0,
  "worldId": 89,
  "implementation": "ch.uzh.ifi.ce.mweiss.specval.model.mrm.MRMGlobalBidder"
}