{
  "gammaValues": {
    "1": 0.96000,
    "2": 0.84000,
    "3": 0.64000,
    "4": 0.36000
  },
  "qualityFunction": {
    "linearFunctions": {
      "-0.103130590064302651853722636587917804718017578125": {
        "slope": 2.8803434946,
        "yIntercept": 0.5670515241940264610476013729112310102209448814392089843750
      },
      "0.496869409935697348146277363412082195281982421875": {
        "slope": 0.7666666667,
        "yIntercept": 0.3490667857194030527566641097791944048367440700531005859375
      },
      "1.196869409935697348146277363412082195281982421875": {
        "slope": 0.3857142858,
        "yIntercept": 0.5383503704107850734348046728428016649559140205383300781250
      }
    },
    "lowestX": -0.196869409935697348146277363412082195281982421875
  },
  "alpha": 1321.149925514584310803911648690700531005859375,
  "beta": 0.196869409935697348146277363412082195281982421875,
  "setupType": "Multi Region Model Global Bidder",
  "population": 0,
  "id": 1,
  "worldId": 89,
  "implementation": "ch.uzh.ifi.ce.mweiss.specval.model.mrm.MRMGlobalBidder"
}