{
  "gammaValues": {
    "1": 0.96000,
    "2": 0.84000,
    "3": 0.64000,
    "4": 0.36000
  },
  "qualityFunction": {
    "linearFunctions": {
      "-0.13692767583877973880390754857216961681842803955078125": {
        "slope": -10.3271612863,
        "yIntercept": -1.414074192944718001191460097221153091595624573528766632080078125
      },
      "0.43692767583877973880390754857216961681842803955078125": {
        "slope": 1.2720975728,
        "yIntercept": 0.174185364083656909846268767694255075184628367424011230468750000
      },
      "1.13692767583877973880390754857216961681842803955078125": {
        "slope": 0.3857142858,
        "yIntercept": 0.561470753567591157103740253653256786492420360445976257324218750
      }
    },
    "lowestX": -0.16307232416122026119609245142783038318157196044921875
  },
  "alpha": 841.18524743800708165508694946765899658203125,
  "beta": 0.13692767583877973880390754857216961681842803955078125,
  "setupType": "Multi Region Model Global Bidder",
  "population": 0,
  "id": 3,
  "worldId": 89,
  "implementation": "ch.uzh.ifi.ce.mweiss.specval.model.mrm.MRMGlobalBidder"
}