{
  "gammaValues": {
    "1": 0.96000,
    "2": 0.84000,
    "3": 0.64000,
    "4": 0.36000
  },
  "qualityFunction": {
    "linearFunctions": {
      "-0.127058499918394807171040383764193393290042877197265625": {
        "slope": 5.8845323767,
        "yIntercept": 1.0176798565052714493088595271164109590245061554014682769775390625
      },
      "0.472941500081605192828959616235806606709957122802734375": {
        "slope": 0.7666666667,
        "yIntercept": 0.3674115166083379688284107877915829476478393189609050750732421875
      },
      "1.172941500081605192828959616235806606709957122802734375": {
        "slope": 0.3857142858,
        "yIntercept": 0.5475797070708430113304065600665637703059474006295204162597656250
      }
    },
    "lowestX": -0.172941500081605192828959616235806606709957122802734375
  },
  "alpha": 1055.027892284114159338059835135936737060546875,
  "beta": 0.172941500081605192828959616235806606709957122802734375,
  "setupType": "Multi Region Model Global Bidder",
  "population": 0,
  "id": 0,
  "worldId": 63,
  "implementation": "ch.uzh.ifi.ce.mweiss.specval.model.mrm.MRMGlobalBidder"
}