{
  "gammaValues": {
    "1": 0.96000,
    "2": 0.84000,
    "3": 0.64000,
    "4": 0.36000
  },
  "qualityFunction": {
    "linearFunctions": {
      "-0.137465819433567515428507022079429589211940765380859375": {
        "slope": 10.7705485241,
        "yIntercept": 1.7505822786155922987037897142759135249434621073305606842041015625
      },
      "0.462534180566432484571492977920570410788059234619140625": {
        "slope": 0.7666666667,
        "yIntercept": 0.3753904615703172891429743007751795857984689064323902130126953125
      },
      "1.162534180566432484571492977920570410788059234619140625": {
        "slope": 0.3857142858,
        "yIntercept": 0.5515939588847302547595870669816520148742711171507835388183593750
      }
    },
    "lowestX": -0.162534180566432484571492977920570410788059234619140625
  },
  "alpha": 914.9005238440755647388868965208530426025390625,
  "beta": 0.162534180566432484571492977920570410788059234619140625,
  "setupType": "Multi Region Model Global Bidder",
  "population": 0,
  "id": 2,
  "worldId": 63,
  "implementation": "ch.uzh.ifi.ce.mweiss.specval.model.mrm.MRMGlobalBidder"
}