{
  "gammaValues": {
    "1": 0.96000,
    "2": 0.84000,
    "3": 0.64000,
    "4": 0.36000
  },
  "qualityFunction": {
    "linearFunctions": {
      "-0.146105233317066540710271738134906627237796783447265625": {
        "slope": -34.6618965884,
        "yIntercept": -5.0642844882597852570588423271047417983936611562967300415039062500
      },
      "0.446105233317066540710271738134906627237796783447265625": {
        "slope": 1.2326698719,
        "yIntercept": 0.1800995192368680248211067984609456971156760118901729583740234375
      },
      "1.146105233317066540710271738134906627237796783447265625": {
        "slope": 0.3857142858,
        "yIntercept": 0.5579308385394653142988609118013698662252863869071006774902343750
      }
    },
    "lowestX": -0.153894766682933459289728261865093372762203216552734375
  },
  "alpha": 845.5891590294394291049684397876262664794921875,
  "beta": 0.146105233317066540710271738134906627237796783447265625,
  "setupType": "Multi Region Model Global Bidder",
  "population": 0,
  "id": 0,
  "worldId": 63,
  "implementation": "ch.uzh.ifi.ce.mweiss.specval.model.mrm.MRMGlobalBidder"
}