{
  "gammaValues": {
    "1": 0.96000,
    "2": 0.84000,
    "3": 0.64000,
    "4": 0.36000
  },
  "qualityFunction": {
    "linearFunctions": {
      "-0.1207588773433263096279688397771678864955902099609375": {
        "slope": 4.6167858049,
        "yIntercept": 0.82751787073567086996089126049724882250302471220493316650390625
      },
      "0.4792411226566736903720311602228321135044097900390625": {
        "slope": 0.7666666667,
        "yIntercept": 0.36258180596724213329288698748342767430585809051990509033203125
      },
      "1.1792411226566736903720311602228321135044097900390625": {
        "slope": 0.3857142858,
        "yIntercept": 0.54514985264849090891450166473930494248634204268455505371093750
      }
    },
    "lowestX": -0.1792411226566736903720311602228321135044097900390625
  },
  "alpha": 1007.1615448941407748861820437014102935791015625,
  "beta": 0.1792411226566736903720311602228321135044097900390625,
  "setupType": "Multi Region Model Global Bidder",
  "population": 0,
  "id": 1,
  "worldId": 63,
  "implementation": "ch.uzh.ifi.ce.mweiss.specval.model.mrm.MRMGlobalBidder"
}