{
  "gammaValues": {
    "1": 0.96000,
    "2": 0.84000,
    "3": 0.64000,
    "4": 0.36000
  },
  "qualityFunction": {
    "linearFunctions": {
      "-0.1089047107596626096093217483939952217042446136474609375": {
        "slope": 3.2850480553,
        "yIntercept": 0.62775720829596135861877449768631009874297888018190860748291015625
      },
      "0.4910952892403373903906782516060047782957553863525390625": {
        "slope": 0.7666666667,
        "yIntercept": 0.35349361158603815772580209408904039491972071118652820587158203125
      },
      "1.1910952892403373903906782516060047782957553863525390625": {
        "slope": 0.3857142858,
        "yIntercept": 0.54057753125091883891442375520419716394826536998152732849121093750
      }
    },
    "lowestX": -0.1910952892403373903906782516060047782957553863525390625
  },
  "alpha": 1366.58694321179018515977077186107635498046875,
  "beta": 0.1910952892403373903906782516060047782957553863525390625,
  "setupType": "Multi Region Model Global Bidder",
  "population": 0,
  "id": 1,
  "worldId": 63,
  "implementation": "ch.uzh.ifi.ce.mweiss.specval.model.mrm.MRMGlobalBidder"
}