{
  "gammaValues": {
    "1": 0.96000,
    "2": 0.84000,
    "3": 0.64000,
    "4": 0.36000
  },
  "qualityFunction": {
    "linearFunctions": {
      "-0.10583980981774627760927387498668394982814788818359375": {
        "slope": 3.0570520517,
        "yIntercept": 0.593557807755120938964531529524748520998400636017322540283203125
      },
      "0.49416019018225372239072612501331605017185211181640625": {
        "slope": 0.7666666667,
        "yIntercept": 0.351143854197133473161034846743433490701136179268360137939453125
      },
      "1.19416019018225372239072612501331605017185211181640625": {
        "slope": 0.3857142858,
        "yIntercept": 0.539395355173059833633669604147087284218287095427513122558593750
      }
    },
    "lowestX": -0.19416019018225372239072612501331605017185211181640625
  },
  "alpha": 1293.914020565254077155259437859058380126953125,
  "beta": 0.19416019018225372239072612501331605017185211181640625,
  "setupType": "Multi Region Model Global Bidder",
  "population": 0,
  "id": 0,
  "worldId": 27,
  "implementation": "ch.uzh.ifi.ce.mweiss.specval.model.mrm.MRMGlobalBidder"
}