{
  "gammaValues": {
    "1": 0.96000,
    "2": 0.84000,
    "3": 0.64000,
    "4": 0.36000
  },
  "qualityFunction": {
    "linearFunctions": {
      "-0.148315630194346692594109526908141560852527618408203125": {
        "slope": 80.1486701715,
        "yIntercept": 12.1573005257251404913528138040934578611995675601065158843994140625
      },
      "0.451684369805653307405890473091858439147472381591796875": {
        "slope": 0.7666666667,
        "yIntercept": 0.3837086498206096519952955270493788475505425594747066497802734375
      },
      "1.151684369805653307405890473091858439147472381591796875": {
        "slope": 0.3857142858,
        "yIntercept": 0.5557788858933893497315291054583497043495299294590950012207031250
      }
    },
    "lowestX": -0.151684369805653307405890473091858439147472381591796875
  },
  "alpha": 1006.174227047375097754411399364471435546875,
  "beta": 0.151684369805653307405890473091858439147472381591796875,
  "setupType": "Multi Region Model Global Bidder",
  "population": 0,
  "id": 1,
  "worldId": 27,
  "implementation": "ch.uzh.ifi.ce.mweiss.specval.model.mrm.MRMGlobalBidder"
}