{
  "gammaValues": {
    "1": 0.96000,
    "2": 0.84000,
    "3": 0.64000,
    "4": 0.36000
  },
  "qualityFunction": {
    "linearFunctions": {
      "-0.1187738313554739078004018892897875048220157623291015625": {
        "slope": 4.3232969609,
        "yIntercept": 0.78349454413643052682727570823484342099618515931069850921630859375
      },
      "0.4812261686445260921995981107102124951779842376708984375": {
        "slope": 0.7666666667,
        "yIntercept": 0.36105993737648912369215724538218381667320500127971172332763671875
      },
      "1.1812261686445260921995981107102124951779842376708984375": {
        "slope": 0.3857142858,
        "yIntercept": 0.54438419205300626426776706368038105665618786588311195373535156250
      }
    },
    "lowestX": -0.1812261686445260921995981107102124951779842376708984375
  },
  "alpha": 969.3344782853959031854174099862575531005859375,
  "beta": 0.1812261686445260921995981107102124951779842376708984375,
  "setupType": "Multi Region Model Global Bidder",
  "population": 0,
  "id": 1,
  "worldId": 27,
  "implementation": "ch.uzh.ifi.ce.mweiss.specval.model.mrm.MRMGlobalBidder"
}