{
  "gammaValues": {
    "1": 0.96000,
    "2": 0.84000,
    "3": 0.64000,
    "4": 0.36000
  },
  "qualityFunction": {
    "linearFunctions": {
      "-0.10314972423708834714517479369533248245716094970703125": {
        "slope": -2.8815198587,
        "yIntercept": -0.297227978801401220634819380084223894300521351397037506103515625
      },
      "0.40314972423708834714517479369533248245716094970703125": {
        "slope": 1.4418344761,
        "yIntercept": 0.148724828605241749195478029310635292858933098614215850830078125
      },
      "1.10314972423708834714517479369533248245716094970703125": {
        "slope": 0.3857142858,
        "yIntercept": 0.574499392045424518309396435533642488735495135188102722167968750
      }
    },
    "lowestX": -0.19685027576291165285482520630466751754283905029296875
  },
  "alpha": 1184.398130180389898669091053307056427001953125,
  "beta": 0.10314972423708834714517479369533248245716094970703125,
  "setupType": "Multi Region Model Global Bidder",
  "population": 0,
  "id": 0,
  "worldId": 27,
  "implementation": "ch.uzh.ifi.ce.mweiss.specval.model.mrm.MRMGlobalBidder"
}