{
  "gammaValues": {
    "1": 0.96000,
    "2": 0.84000,
    "3": 0.64000,
    "4": 0.36000
  },
  "qualityFunction": {
    "linearFunctions": {
      "-0.1201193092750816038272176911050337366759777069091796875": {
        "slope": -4.5179678489,
        "yIntercept": -0.54269517733310574798478328084616606474810396321117877960205078125
      },
      "0.4201193092750816038272176911050337366759777069091796875": {
        "slope": 1.3512547511,
        "yIntercept": 0.16231178735680431401173584859964904580920119769871234893798828125
      },
      "1.1201193092750816038272176911050337366759777069091796875": {
        "slope": 0.3857142858,
        "yIntercept": 0.56795398067217258344306618167429689947311999276280403137207031250
      }
    },
    "lowestX": -0.1798806907249183961727823088949662633240222930908203125
  },
  "alpha": 1139.672268920731539765256457030773162841796875,
  "beta": 0.1201193092750816038272176911050337366759777069091796875,
  "setupType": "Multi Region Model Global Bidder",
  "population": 0,
  "id": 0,
  "worldId": 27,
  "implementation": "ch.uzh.ifi.ce.mweiss.specval.model.mrm.MRMGlobalBidder"
}