{
  "gammaValues": {
    "1": 0.96000,
    "2": 0.84000,
    "3": 0.64000,
    "4": 0.36000
  },
  "qualityFunction": {
    "linearFunctions": {
      "-0.1382702640857919995642788535405998118221759796142578125": {
        "slope": 11.5092105217,
        "yIntercept": 1.86138157825556508713712000335771534764717216603457927703857421875
      },
      "0.4617297359142080004357211464594001881778240203857421875": {
        "slope": 0.7666666667,
        "yIntercept": 0.37600720247038287513547352103326915084835491143167018890380859375
      },
      "1.1617297359142080004357211464594001881778240203857421875": {
        "slope": 0.3857142858,
        "yIntercept": 0.55190424467922865103928972918545525772060500457882881164550781250
      }
    },
    "lowestX": -0.1617297359142080004357211464594001881778240203857421875
  },
  "alpha": 1148.982355761350618195137940347194671630859375,
  "beta": 0.1617297359142080004357211464594001881778240203857421875,
  "setupType": "Multi Region Model Global Bidder",
  "population": 0,
  "id": 2,
  "worldId": 49,
  "implementation": "ch.uzh.ifi.ce.mweiss.specval.model.mrm.MRMGlobalBidder"
}