{
  "gammaValues": {
    "1": 0.96000,
    "2": 0.84000,
    "3": 0.64000,
    "4": 0.36000
  },
  "qualityFunction": {
    "linearFunctions": {
      "-0.1249724365927119384966914594770059920847415924072265625": {
        "slope": 5.3940528610,
        "yIntercept": 0.94410792915094107640306539397379026468115625903010368347167968750
      },
      "0.4750275634072880615033085405229940079152584075927734375": {
        "slope": 0.7666666667,
        "yIntercept": 0.36581220139191156740055385021559430924753542058169841766357421875
      },
      "1.1750275634072880615033085405229940079152584075927734375": {
        "slope": 0.3857142858,
        "yIntercept": 0.54677508264504367084238487195513300775928655639290809631347656250
      }
    },
    "lowestX": -0.1750275634072880615033085405229940079152584075927734375
  },
  "alpha": 897.6237203984993584526819176971912384033203125,
  "beta": 0.1750275634072880615033085405229940079152584075927734375,
  "setupType": "Multi Region Model Global Bidder",
  "population": 0,
  "id": 1,
  "worldId": 49,
  "implementation": "ch.uzh.ifi.ce.mweiss.specval.model.mrm.MRMGlobalBidder"
}