{
  "gammaValues": {
    "1": 0.96000,
    "2": 0.84000,
    "3": 0.64000,
    "4": 0.36000
  },
  "qualityFunction": {
    "linearFunctions": {
      "-0.131816101542285457615122368224547244608402252197265625": {
        "slope": -7.4241505645,
        "yIntercept": -0.9786225846746520992265484462091507111836108379065990447998046875
      },
      "0.431816101542285457615122368224547244608402252197265625": {
        "slope": 1.2951708508,
        "yIntercept": 0.1707243723836610483158453765994977402442600578069686889648437500
      },
      "1.131816101542285457615122368224547244608402252197265625": {
        "slope": 0.3857142858,
        "yIntercept": 0.5634423607966770862162569044606641455175122246146202087402343750
      }
    },
    "lowestX": -0.168183898457714542384877631775452755391597747802734375
  },
  "alpha": 1146.534606975992574007250368595123291015625,
  "beta": 0.131816101542285457615122368224547244608402252197265625,
  "setupType": "Multi Region Model Global Bidder",
  "population": 0,
  "id": 2,
  "worldId": 49,
  "implementation": "ch.uzh.ifi.ce.mweiss.specval.model.mrm.MRMGlobalBidder"
}