{
  "gammaValues": {
    "1": 0.96000,
    "2": 0.84000,
    "3": 0.64000,
    "4": 0.36000
  },
  "qualityFunction": {
    "linearFunctions": {
      "-0.1272421694826304239267500406640465371310710906982421875": {
        "slope": -5.9320241398,
        "yIntercept": -0.75480362096851344846461125182024431978788925334811210632324218750
      },
      "0.4272421694826304239267500406640465371310710906982421875": {
        "slope": 1.3165385363,
        "yIntercept": 0.16751921956629878659037199695180930802962393499910831451416015625
      },
      "1.1272421694826304239267500406640465371310710906982421875": {
        "slope": 0.3857142858,
        "yIntercept": 0.56520659173436465052974237655014633219252573326230049133300781250
      }
    },
    "lowestX": -0.1727578305173695760732499593359534628689289093017578125
  },
  "alpha": 952.1045467936697832556092180311679840087890625,
  "beta": 0.1272421694826304239267500406640465371310710906982421875,
  "setupType": "Multi Region Model Global Bidder",
  "population": 0,
  "id": 3,
  "worldId": 49,
  "implementation": "ch.uzh.ifi.ce.mweiss.specval.model.mrm.MRMGlobalBidder"
}