{
  "gammaValues": {
    "1": 0.96000,
    "2": 0.84000,
    "3": 0.64000,
    "4": 0.36000
  },
  "qualityFunction": {
    "linearFunctions": {
      "-0.1198576013256852756949655258722486905753612518310546875": {
        "slope": 4.4787411068,
        "yIntercept": 0.80681116602020718106546696146708086416765581816434860229492187500
      },
      "0.4801423986743147243050344741277513094246387481689453125": {
        "slope": 0.7666666667,
        "yIntercept": 0.36189082768702063141032974569188951363685191608965396881103515625
      },
      "1.1801423986743147243050344741277513094246387481689453125": {
        "slope": 0.3857142858,
        "yIntercept": 0.54480221761303782931025972646743582572526065632700920104980468750
      }
    },
    "lowestX": -0.1801423986743147243050344741277513094246387481689453125
  },
  "alpha": 900.36685263735716944211162626743316650390625,
  "beta": 0.1801423986743147243050344741277513094246387481689453125,
  "setupType": "Multi Region Model Global Bidder",
  "population": 0,
  "id": 1,
  "worldId": 49,
  "implementation": "ch.uzh.ifi.ce.mweiss.specval.model.mrm.MRMGlobalBidder"
}