{
  "gammaValues": {
    "1": 0.96000,
    "2": 0.84000,
    "3": 0.64000,
    "4": 0.36000
  },
  "qualityFunction": {
    "linearFunctions": {
      "-0.1031647924986444364581217314480454660952091217041015625": {
        "slope": -2.8824469283,
        "yIntercept": -0.29736703924357546221740248360010383521512267179787158966064453125
      },
      "0.4031647924986444364581217314480454660952091217041015625": {
        "slope": 1.4417486587,
        "yIntercept": 0.14873770120998443783171438503654115947938407771289348602294921875
      },
      "1.1031647924986444364581217314480454660952091217041015625": {
        "slope": 0.3857142858,
        "yIntercept": 0.57449358000168016372341209474505774323915829882025718688964843750
      }
    },
    "lowestX": -0.1968352075013555635418782685519545339047908782958984375
  },
  "alpha": 919.20643861785492845228873193264007568359375,
  "beta": 0.1031647924986444364581217314480454660952091217041015625,
  "setupType": "Multi Region Model Global Bidder",
  "population": 0,
  "id": 0,
  "worldId": 49,
  "implementation": "ch.uzh.ifi.ce.mweiss.specval.model.mrm.MRMGlobalBidder"
}