{
  "gammaValues": {
    "1": 0.96000,
    "2": 0.84000,
    "3": 0.64000,
    "4": 0.36000
  },
  "qualityFunction": {
    "linearFunctions": {
      "-0.1275508511633262731521654131938703358173370361328125": {
        "slope": 6.0135910267,
        "yIntercept": 1.03703865400627386764778494754324356108554638922214508056640625
      },
      "0.4724491488366737268478345868061296641826629638671875": {
        "slope": 0.7666666667,
        "yIntercept": 0.36778898589613517112210435922037277123308740556240081787109375
      },
      "1.1724491488366737268478345868061296641826629638671875": {
        "slope": 0.3857142858,
        "yIntercept": 0.54776961397964449260126319707353559351759031414985656738281250
      }
    },
    "lowestX": -0.1724491488366737268478345868061296641826629638671875
  },
  "alpha": 1179.850675057372654919163323938846588134765625,
  "beta": 0.1724491488366737268478345868061296641826629638671875,
  "setupType": "Multi Region Model Global Bidder",
  "population": 0,
  "id": 0,
  "worldId": 49,
  "implementation": "ch.uzh.ifi.ce.mweiss.specval.model.mrm.MRMGlobalBidder"
}