{
  "gammaValues": {
    "1": 0.96000,
    "2": 0.84000,
    "3": 0.64000,
    "4": 0.36000
  },
  "qualityFunction": {
    "linearFunctions": {
      "-0.1168794632192526716796265873199445195496082305908203125": {
        "slope": 4.0760208959,
        "yIntercept": 0.74640313438675062705193987977470015948711079545319080352783203125
      },
      "0.4831205367807473283203734126800554804503917694091796875": {
        "slope": 0.7666666667,
        "yIntercept": 0.35960758847198969706168880600127835123203112743794918060302734375
      },
      "1.1831205367807473283203734126800554804503917694091796875": {
        "slope": 0.3857142858,
        "yIntercept": 0.54365350720030141306664905553880373645370127633213996887207031250
      }
    },
    "lowestX": -0.1831205367807473283203734126800554804503917694091796875
  },
  "alpha": 1343.087029249194756630458869040012359619140625,
  "beta": 0.1831205367807473283203734126800554804503917694091796875,
  "setupType": "Multi Region Model Global Bidder",
  "population": 0,
  "id": 1,
  "worldId": 21,
  "implementation": "ch.uzh.ifi.ce.mweiss.specval.model.mrm.MRMGlobalBidder"
}