{
  "gammaValues": {
    "1": 0.96000,
    "2": 0.84000,
    "3": 0.64000,
    "4": 0.36000
  },
  "qualityFunction": {
    "linearFunctions": {
      "-0.1078603883087625281422816669874009676277637481689453125": {
        "slope": 3.2036365449,
        "yIntercept": 0.61554548173694365994767174476987037223807419650256633758544921875
      },
      "0.4921396116912374718577183330125990323722362518310546875": {
        "slope": 0.7666666667,
        "yIntercept": 0.35269296437364661785270802896175013074753223918378353118896484375
      },
      "1.1921396116912374718577183330125990323722362518310546875": {
        "slope": 0.3857142858,
        "yIntercept": 0.54017472116262500842420257396447880182677181437611579895019531250
      }
    },
    "lowestX": -0.1921396116912374718577183330125990323722362518310546875
  },
  "alpha": 989.5136564730643158327438868582248687744140625,
  "beta": 0.1921396116912374718577183330125990323722362518310546875,
  "setupType": "Multi Region Model Global Bidder",
  "population": 0,
  "id": 3,
  "worldId": 21,
  "implementation": "ch.uzh.ifi.ce.mweiss.specval.model.mrm.MRMGlobalBidder"
}