{
  "gammaValues": {
    "1": 0.96000,
    "2": 0.84000,
    "3": 0.64000,
    "4": 0.36000
  },
  "qualityFunction": {
    "linearFunctions": {
      "-0.120912614269824469914738074294291436672210693359375": {
        "slope": -4.6411871198,
        "yIntercept": -0.5611780679695449884248550453946791094494983553886413574218750
      },
      "0.420912614269824469914738074294291436672210693359375": {
        "slope": 1.3472979137,
        "yIntercept": 0.1629053129457473571813350243786544524482451379299163818359375
      },
      "1.120912614269824469914738074294291436672210693359375": {
        "slope": 0.3857142858,
        "yIntercept": 0.5676479916027037660954732167795100394869223237037658691406250
      }
    },
    "lowestX": -0.179087385730175530085261925705708563327789306640625
  },
  "alpha": 983.773785120656611979939043521881103515625,
  "beta": 0.120912614269824469914738074294291436672210693359375,
  "setupType": "Multi Region Model Global Bidder",
  "population": 0,
  "id": 2,
  "worldId": 21,
  "implementation": "ch.uzh.ifi.ce.mweiss.specval.model.mrm.MRMGlobalBidder"
}