{
  "gammaValues": {
    "1": 0.96000,
    "2": 0.84000,
    "3": 0.64000,
    "4": 0.36000
  },
  "qualityFunction": {
    "linearFunctions": {
      "-0.103461706263529240601428682566620409488677978515625": {
        "slope": -2.9008369057,
        "yIntercept": -0.3001255358540615289322808134642173172323964536190032958984375
      },
      "0.403461706263529240601428682566620409488677978515625": {
        "slope": 1.4400597447,
        "yIntercept": 0.1489910383080843091414782630721447276300750672817230224609375
      },
      "1.103461706263529240601428682566620409488677978515625": {
        "slope": 0.3857142858,
        "yIntercept": 0.5743790561209134323740035732441810978343710303306579589843750
      }
    },
    "lowestX": -0.196538293736470759398571317433379590511322021484375
  },
  "alpha": 856.1194684736350382081582210958003997802734375,
  "beta": 0.103461706263529240601428682566620409488677978515625,
  "setupType": "Multi Region Model Global Bidder",
  "population": 0,
  "id": 1,
  "worldId": 21,
  "implementation": "ch.uzh.ifi.ce.mweiss.specval.model.mrm.MRMGlobalBidder"
}