{
  "gammaValues": {
    "1": 0.96000,
    "2": 0.84000,
    "3": 0.64000,
    "4": 0.36000
  },
  "qualityFunction": {
    "linearFunctions": {
      "-0.14600547285303189237737342409673146903514862060546875": {
        "slope": -33.7962404642,
        "yIntercept": -4.934436069629708939182712748028336591232800856232643127441406250
      },
      "0.44600547285303189237737342409673146903514862060546875": {
        "slope": 1.2330853092,
        "yIntercept": 0.180037203637873037169614631736180854204576462507247924804687500
      },
      "1.14600547285303189237737342409673146903514862060546875": {
        "slope": 0.3857142858,
        "yIntercept": 0.557969317575601515267038945644628711306722834706306457519531250
      }
    },
    "lowestX": -0.15399452714696810762262657590326853096485137939453125
  },
  "alpha": 903.6190442585476603198912926018238067626953125,
  "beta": 0.14600547285303189237737342409673146903514862060546875,
  "setupType": "Multi Region Model Global Bidder",
  "population": 0,
  "id": 0,
  "worldId": 21,
  "implementation": "ch.uzh.ifi.ce.mweiss.specval.model.mrm.MRMGlobalBidder"
}