{
  "gammaValues": {
    "1": 0.96000,
    "2": 0.84000,
    "3": 0.64000,
    "4": 0.36000
  },
  "qualityFunction": {
    "linearFunctions": {
      "-0.149970585185687799167908451636321842670440673828125": {
        "slope": 4589.5241277796,
        "yIntercept": 688.5636191669400024185914288565868446312379091978073120117187500
      },
      "0.450029414814312200832091548363678157329559326171875": {
        "slope": 0.7666666667,
        "yIntercept": 0.3849774486473596655349194062267770277685485780239105224609375
      },
      "1.150029414814312200832091548363678157329559326171875": {
        "slope": 0.3857142858,
        "yIntercept": 0.5564172256759056298378236427026877208845689892768859863281250
      }
    },
    "lowestX": -0.150029414814312200832091548363678157329559326171875
  },
  "alpha": 1353.25229390761751346872188150882720947265625,
  "beta": 0.150029414814312200832091548363678157329559326171875,
  "setupType": "Multi Region Model Global Bidder",
  "population": 0,
  "id": 0,
  "worldId": 21,
  "implementation": "ch.uzh.ifi.ce.mweiss.specval.model.mrm.MRMGlobalBidder"
}