{
  "gammaValues": {
    "1": 0.96000,
    "2": 0.84000,
    "3": 0.64000,
    "4": 0.36000
  },
  "qualityFunction": {
    "linearFunctions": {
      "-0.1196877386212422400557642276908154599368572235107421875": {
        "slope": -4.4536433066,
        "yIntercept": -0.53304649598741418499845523659708135255641536787152290344238281250
      },
      "0.4196877386212422400557642276908154599368572235107421875": {
        "slope": 1.3534171108,
        "yIntercept": 0.16198743340294724804319245192729681548371445387601852416992187500
      },
      "1.1196877386212422400557642276908154599368572235107421875": {
        "slope": 0.3857142858,
        "yIntercept": 0.56812044363869047266809874874304853165085660293698310852050781250
      }
    },
    "lowestX": -0.1803122613787577599442357723091845400631427764892578125
  },
  "alpha": 814.1348889830766211161972023546695709228515625,
  "beta": 0.1196877386212422400557642276908154599368572235107421875,
  "setupType": "Multi Region Model Global Bidder",
  "population": 0,
  "id": 0,
  "worldId": 21,
  "implementation": "ch.uzh.ifi.ce.mweiss.specval.model.mrm.MRMGlobalBidder"
}