{
  "gammaValues": {
    "1": 0.96000,
    "2": 0.84000,
    "3": 0.64000,
    "4": 0.36000
  },
  "qualityFunction": {
    "linearFunctions": {
      "-0.12389954083449973565311807988109649159014225006103515625": {
        "slope": -5.1723227987,
        "yIntercept": -0.640848419803255393772254120687836831393724423833191394805908203125
      },
      "0.42389954083449973565311807988109649159014225006103515625": {
        "slope": 1.3326053739,
        "yIntercept": 0.165109193939796838249474579540798657717459718696773052215576171875
      },
      "1.12389954083449973565311807988109649159014225006103515625": {
        "slope": 0.3857142858,
        "yIntercept": 0.566495891356072998462268763275595517825422575697302818298339843750
      }
    },
    "lowestX": -0.17610045916550026434688192011890350840985774993896484375
  },
  "alpha": 917.6981304898063172004185616970062255859375,
  "beta": 0.12389954083449973565311807988109649159014225006103515625,
  "setupType": "Multi Region Model Global Bidder",
  "population": 0,
  "id": 1,
  "worldId": 121,
  "implementation": "ch.uzh.ifi.ce.mweiss.specval.model.mrm.MRMGlobalBidder"
}