{
  "gammaValues": {
    "1": 0.96000,
    "2": 0.84000,
    "3": 0.64000,
    "4": 0.36000
  },
  "qualityFunction": {
    "linearFunctions": {
      "-0.128468656127841196479266727692447602748870849609375": {
        "slope": -6.2699291229,
        "yIntercept": -0.8054893684342229366882645980041388611425645649433135986328125
      },
      "0.428468656127841196479266727692447602748870849609375": {
        "slope": 1.3107399773,
        "yIntercept": 0.1683890034167680757712389105762440522084943950176239013671875
      },
      "1.128468656127841196479266727692447602748870849609375": {
        "slope": 0.3857142858,
        "yIntercept": 0.5647335183139639394041821596204044908517971634864807128906250
      }
    },
    "lowestX": -0.171531343872158803520733272307552397251129150390625
  },
  "alpha": 957.29018110166953192674554884433746337890625,
  "beta": 0.128468656127841196479266727692447602748870849609375,
  "setupType": "Multi Region Model Global Bidder",
  "population": 0,
  "id": 0,
  "worldId": 121,
  "implementation": "ch.uzh.ifi.ce.mweiss.specval.model.mrm.MRMGlobalBidder"
}