{
  "gammaValues": {
    "1": 0.96000,
    "2": 0.84000,
    "3": 0.64000,
    "4": 0.36000
  },
  "qualityFunction": {
    "linearFunctions": {
      "-0.1124439257793763413673104878398589789867401123046875": {
        "slope": -3.5946249122,
        "yIntercept": -0.40419373682788600234177430969850774999940767884254455566406250
      },
      "0.4124439257793763413673104878398589789867401123046875": {
        "slope": 1.3907732821,
        "yIntercept": 0.15638400770839203477450440882279281140654347836971282958984375
      },
      "1.1124439257793763413673104878398589789867401123046875": {
        "slope": 0.3857142858,
        "yIntercept": 0.57091448573545964612009083971599920914741232991218566894531250
      }
    },
    "lowestX": -0.1875560742206236586326895121601410210132598876953125
  },
  "alpha": 1290.861153961548779989243485033512115478515625,
  "beta": 0.1124439257793763413673104878398589789867401123046875,
  "setupType": "Multi Region Model Global Bidder",
  "population": 0,
  "id": 1,
  "worldId": 7,
  "implementation": "ch.uzh.ifi.ce.mweiss.specval.model.mrm.MRMGlobalBidder"
}