{
  "gammaValues": {
    "1": 0.96000,
    "2": 0.84000,
    "3": 0.64000,
    "4": 0.36000
  },
  "qualityFunction": {
    "linearFunctions": {
      "-0.1220802055794757701168151697856956161558628082275390625": {
        "slope": -4.8352791559,
        "yIntercept": -0.59029187338357392790506350144230651721954927779734134674072265625
      },
      "0.4220802055794757701168151697856956161558628082275390625": {
        "slope": 1.3415161872,
        "yIntercept": 0.16377257192157050170189358517802702408516779541969299316406250000
      },
      "1.1220802055794757701168151697856956161558628082275390625": {
        "slope": 0.3857142858,
        "yIntercept": 0.56719763495459532819098765421550467635825043544173240661621093750
      }
    },
    "lowestX": -0.1779197944205242298831848302143043838441371917724609375
  },
  "alpha": 1067.180894438266250290325842797756195068359375,
  "beta": 0.1220802055794757701168151697856956161558628082275390625,
  "setupType": "Multi Region Model Global Bidder",
  "population": 0,
  "id": 0,
  "worldId": 7,
  "implementation": "ch.uzh.ifi.ce.mweiss.specval.model.mrm.MRMGlobalBidder"
}