{
  "gammaValues": {
    "1": 0.96000,
    "2": 0.84000,
    "3": 0.64000,
    "4": 0.36000
  },
  "qualityFunction": {
    "linearFunctions": {
      "-0.116335620906014136632933286819024942815303802490234375": {
        "slope": 4.0101734722,
        "yIntercept": 0.7365260208307863798364247043259922520519467070698738098144531250
      },
      "0.483664379093985863367066713180975057184696197509765625": {
        "slope": 0.7666666667,
        "yIntercept": 0.3591906426984886921154493244490168990523670800030231475830078125
      },
      "1.183664379093985863367066713180975057184696197509765625": {
        "slope": 0.3857142858,
        "yIntercept": 0.5434437394508627916360754794844467596703907474875450134277343750
      }
    },
    "lowestX": -0.183664379093985863367066713180975057184696197509765625
  },
  "alpha": 1141.15823255298846561345271766185760498046875,
  "beta": 0.183664379093985863367066713180975057184696197509765625,
  "setupType": "Multi Region Model Global Bidder",
  "population": 0,
  "id": 0,
  "worldId": 7,
  "implementation": "ch.uzh.ifi.ce.mweiss.specval.model.mrm.MRMGlobalBidder"
}