{
  "gammaValues": {
    "1": 0.96000,
    "2": 0.84000,
    "3": 0.64000,
    "4": 0.36000
  },
  "qualityFunction": {
    "linearFunctions": {
      "-0.1241178543898278363588616457491298206150531768798828125": {
        "slope": -5.2159508733,
        "yIntercept": -0.64739263099325525830734610666095107944784103892743587493896484375
      },
      "0.4241178543898278363588616457491298206150531768798828125": {
        "slope": 1.3315440573,
        "yIntercept": 0.16526839141760197307375909459015161928618908859789371490478515625
      },
      "1.1241178543898278363588616457491298206150531768798828125": {
        "slope": 0.3857142858,
        "yIntercept": 0.56641168469899916131388240780886178526998264715075492858886718750
      }
    },
    "lowestX": -0.1758821456101721636411383542508701793849468231201171875
  },
  "alpha": 840.8926302973437714172177948057651519775390625,
  "beta": 0.1241178543898278363588616457491298206150531768798828125,
  "setupType": "Multi Region Model Global Bidder",
  "population": 0,
  "id": 0,
  "worldId": 137,
  "implementation": "ch.uzh.ifi.ce.mweiss.specval.model.mrm.MRMGlobalBidder"
}