{
  "gammaValues": {
    "1": 0.96000,
    "2": 0.84000,
    "3": 0.64000,
    "4": 0.36000
  },
  "qualityFunction": {
    "linearFunctions": {
      "-0.146819994095132522193836166479741223156452178955078125": {
        "slope": -42.4527513591,
        "yIntercept": -6.2329127038648088437410107698344319260286283679306507110595703125
      },
      "0.446819994095132522193836166479741223156452178955078125": {
        "slope": 1.2297015271,
        "yIntercept": 0.1805447709475974452186349761273476133283111266791820526123046875
      },
      "1.146819994095132522193836166479741223156452178955078125": {
        "slope": 0.3857142858,
        "yIntercept": 0.5576551450964357419456518338840567139413906261324882507324218750
      }
    },
    "lowestX": -0.153180005904867477806163833520258776843547821044921875
  },
  "alpha": 1364.742815898369372007437050342559814453125,
  "beta": 0.146819994095132522193836166479741223156452178955078125,
  "setupType": "Multi Region Model Global Bidder",
  "population": 0,
  "id": 1,
  "worldId": 137,
  "implementation": "ch.uzh.ifi.ce.mweiss.specval.model.mrm.MRMGlobalBidder"
}