{
  "gammaValues": {
    "1": 0.96000,
    "2": 0.84000,
    "3": 0.64000,
    "4": 0.36000
  },
  "qualityFunction": {
    "linearFunctions": {
      "-0.11841069766147571673542415737756527960300445556640625": {
        "slope": -4.2735986554,
        "yIntercept": -0.506039798308941452579740043482559030962875112891197204589843750
      },
      "0.41841069766147571673542415737756527960300445556640625": {
        "slope": 1.3598563813,
        "yIntercept": 0.161021542829142740577657744172057618925464339554309844970703125
      },
      "1.11841069766147571673542415737756527960300445556640625": {
        "slope": 0.3857142858,
        "yIntercept": 0.568613016580424163745352763577045607235049828886985778808593750
      }
    },
    "lowestX": -0.18158930233852428326457584262243472039699554443359375
  },
  "alpha": 1035.6528644683667153003625571727752685546875,
  "beta": 0.11841069766147571673542415737756527960300445556640625,
  "setupType": "Multi Region Model Global Bidder",
  "population": 0,
  "id": 3,
  "worldId": 45,
  "implementation": "ch.uzh.ifi.ce.mweiss.specval.model.mrm.MRMGlobalBidder"
}