{
  "gammaValues": {
    "1": 0.96000,
    "2": 0.84000,
    "3": 0.64000,
    "4": 0.36000
  },
  "qualityFunction": {
    "linearFunctions": {
      "-0.1293479648632962497600829010480083525180816650390625": {
        "slope": -6.5368860311,
        "yIntercept": -0.84553290466390512384229735776131064994842745363712310791015625
      },
      "0.4293479648632962497600829010480083525180816650390625": {
        "slope": 1.3066141369,
        "yIntercept": 0.16900787946962735586927755182529153898940421640872955322265625
      },
      "1.1293479648632962497600829010480083525180816650390625": {
        "slope": 0.3857142858,
        "yIntercept": 0.56439435637307019238997120247347538679605349898338317871093750
      }
    },
    "lowestX": -0.1706520351367037502399170989519916474819183349609375
  },
  "alpha": 850.63465052250876397010870277881622314453125,
  "beta": 0.1293479648632962497600829010480083525180816650390625,
  "setupType": "Multi Region Model Global Bidder",
  "population": 0,
  "id": 2,
  "worldId": 45,
  "implementation": "ch.uzh.ifi.ce.mweiss.specval.model.mrm.MRMGlobalBidder"
}