{
  "gammaValues": {
    "1": 0.96000,
    "2": 0.84000,
    "3": 0.64000,
    "4": 0.36000
  },
  "qualityFunction": {
    "linearFunctions": {
      "-0.12974235065932637755992118400172330439090728759765625": {
        "slope": -6.6641493161,
        "yIntercept": -0.864622397414443736897360854865013379821903072297573089599609375
      },
      "0.42974235065932637755992118400172330439090728759765625": {
        "slope": 1.3047720488,
        "yIntercept": 0.169284192685897308476740708016450298600830137729644775390625000
      },
      "1.12974235065932637755992118400172330439090728759765625": {
        "slope": 0.3857142858,
        "yIntercept": 0.564242236137424767170373853808484909677645191550254821777343750
      }
    },
    "lowestX": -0.17025764934067362244007881599827669560909271240234375
  },
  "alpha": 1171.48279980621600770973600447177886962890625,
  "beta": 0.12974235065932637755992118400172330439090728759765625,
  "setupType": "Multi Region Model Global Bidder",
  "population": 0,
  "id": 2,
  "worldId": 45,
  "implementation": "ch.uzh.ifi.ce.mweiss.specval.model.mrm.MRMGlobalBidder"
}