{
  "gammaValues": {
    "1": 0.96000,
    "2": 0.84000,
    "3": 0.64000,
    "4": 0.36000
  },
  "qualityFunction": {
    "linearFunctions": {
      "-0.137121983341849451587535213548108004033565521240234375": {
        "slope": 10.4829806937,
        "yIntercept": 1.7074471040555391917559355408062771175536909140646457672119140625
      },
      "0.462878016658150548412464786451891995966434478759765625": {
        "slope": 0.7666666667,
        "yIntercept": 0.3751268538999886456618386454398006435440038330852985382080078125
      },
      "1.162878016658150548412464786451891995966434478759765625": {
        "slope": 0.3857142858,
        "yIntercept": 0.5514613363921809584702078210760589627170702442526817321777343750
      }
    },
    "lowestX": -0.162878016658150548412464786451891995966434478759765625
  },
  "alpha": 1357.79122543306220904923975467681884765625,
  "beta": 0.162878016658150548412464786451891995966434478759765625,
  "setupType": "Multi Region Model Global Bidder",
  "population": 0,
  "id": 1,
  "worldId": 45,
  "implementation": "ch.uzh.ifi.ce.mweiss.specval.model.mrm.MRMGlobalBidder"
}