{
  "gammaValues": {
    "1": 0.96000,
    "2": 0.84000,
    "3": 0.64000,
    "4": 0.36000
  },
  "qualityFunction": {
    "linearFunctions": {
      "-0.1271878177332619597184049098359537310898303985595703125": {
        "slope": -5.9178906437,
        "yIntercept": -0.75268359655370810630132529739366731291738688014447689056396484375
      },
      "0.4271878177332619597184049098359537310898303985595703125": {
        "slope": 1.3167966868,
        "yIntercept": 0.16748049699248163471367064625283660461718682199716567993164062500
      },
      "1.1271878177332619597184049098359537310898303985595703125": {
        "slope": 0.3857142858,
        "yIntercept": 0.56522755598055428830290708108741171145084081217646598815917968750
      }
    },
    "lowestX": -0.1728121822667380402815950901640462689101696014404296875
  },
  "alpha": 930.539967285991451717563904821872711181640625,
  "beta": 0.1271878177332619597184049098359537310898303985595703125,
  "setupType": "Multi Region Model Global Bidder",
  "population": 0,
  "id": 0,
  "worldId": 45,
  "implementation": "ch.uzh.ifi.ce.mweiss.specval.model.mrm.MRMGlobalBidder"
}