{
  "gammaValues": {
    "1": 0.96000,
    "2": 0.84000,
    "3": 0.64000,
    "4": 0.36000
  },
  "qualityFunction": {
    "linearFunctions": {
      "-0.10297354584554273271290725233484408818185329437255859375": {
        "slope": -2.8707246256,
        "yIntercept": -0.295608693835849903203938455753529979119775816798210144042968750000
      },
      "0.40297354584554273271290725233484408818185329437255859375": {
        "slope": 1.4428386130,
        "yIntercept": 0.148574208063474788699720827156447455763554899021983146667480468750
      },
      "1.10297354584554273271290725233484408818185329437255859375": {
        "slope": 0.3857142858,
        "yIntercept": 0.574567346567892927738260682724025230072584236040711402893066406250
      }
    },
    "lowestX": -0.19702645415445726728709274766515591181814670562744140625
  },
  "alpha": 1134.18437100681467200047336518764495849609375,
  "beta": 0.10297354584554273271290725233484408818185329437255859375,
  "setupType": "Multi Region Model Global Bidder",
  "population": 0,
  "id": 0,
  "worldId": 45,
  "implementation": "ch.uzh.ifi.ce.mweiss.specval.model.mrm.MRMGlobalBidder"
}