{
  "gammaValues": {
    "1": 0.96000,
    "2": 0.84000,
    "3": 0.64000,
    "4": 0.36000
  },
  "qualityFunction": {
    "linearFunctions": {
      "-0.1189180713444228765229837563310866244137287139892578125": {
        "slope": 4.3433598184,
        "yIntercept": 0.78650397276100921117232764867566174871171824634075164794921875000
      },
      "0.4810819286555771234770162436689133755862712860107421875": {
        "slope": 0.7666666667,
        "yIntercept": 0.36117052136802147437910164240459920392822823487222194671630859375
      },
      "1.1810819286555771234770162436689133755862712860107421875": {
        "slope": 0.3857142858,
        "yIntercept": 0.54443982747732751563124426685824630567367421463131904602050781250
      }
    },
    "lowestX": -0.1810819286555771234770162436689133755862712860107421875
  },
  "alpha": 1325.16738358152952059754170477390289306640625,
  "beta": 0.1810819286555771234770162436689133755862712860107421875,
  "setupType": "Multi Region Model Global Bidder",
  "population": 0,
  "id": 1,
  "worldId": 45,
  "implementation": "ch.uzh.ifi.ce.mweiss.specval.model.mrm.MRMGlobalBidder"
}