{
  "gammaValues": {
    "1": 0.96000,
    "2": 0.84000,
    "3": 0.64000,
    "4": 0.36000
  },
  "qualityFunction": {
    "linearFunctions": {
      "-0.1494797719533054458640464190466445870697498321533203125": {
        "slope": -259.5015798509,
        "yIntercept": -38.79023697763498457391333104238295703680705628357827663421630859375
      },
      "0.4494797719533054458640464190466445870697498321533203125": {
        "slope": 1.2187801454,
        "yIntercept": 0.18218297819560845332079432323801881921099266037344932556152343750
      },
      "1.1494797719533054458640464190466445870697498321533203125": {
        "slope": 0.3857142858,
        "yIntercept": 0.55662923077948391899929877157937596621195552870631217956542968750
      }
    },
    "lowestX": -0.1505202280466945541359535809533554129302501678466796875
  },
  "alpha": 1343.5425030767319185542874038219451904296875,
  "beta": 0.1494797719533054458640464190466445870697498321533203125,
  "setupType": "Multi Region Model Global Bidder",
  "population": 0,
  "id": 0,
  "worldId": 119,
  "implementation": "ch.uzh.ifi.ce.mweiss.specval.model.mrm.MRMGlobalBidder"
}