{
  "gammaValues": {
    "1": 0.96000,
    "2": 0.84000,
    "3": 0.64000,
    "4": 0.36000
  },
  "qualityFunction": {
    "linearFunctions": {
      "-0.11168147738660065548810251812028582207858562469482421875": {
        "slope": -3.5231003387,
        "yIntercept": -0.393465050802750839808224004590098132894127047620713710784912109375
      },
      "0.41168147738660065548810251812028582207858562469482421875": {
        "slope": 1.3948255095,
        "yIntercept": 0.155776173597477987764226566025360654066389543004333972930908203125
      },
      "1.11168147738660065548810251812028582207858562469482421875": {
        "slope": 0.3857142858,
        "yIntercept": 0.571208572972738477678594686826052395645092474296689033508300781250
      }
    },
    "lowestX": -0.18831852261339934451189748187971417792141437530517578125
  },
  "alpha": 1184.5667106997207156382501125335693359375,
  "beta": 0.11168147738660065548810251812028582207858562469482421875,
  "setupType": "Multi Region Model Global Bidder",
  "population": 0,
  "id": 1,
  "worldId": 119,
  "implementation": "ch.uzh.ifi.ce.mweiss.specval.model.mrm.MRMGlobalBidder"
}