{
  "gammaValues": {
    "1": 0.96000,
    "2": 0.84000,
    "3": 0.64000,
    "4": 0.36000
  },
  "qualityFunction": {
    "linearFunctions": {
      "-0.14990997843035513970022520879865624010562896728515625": {
        "slope": -1499.6405920556,
        "yIntercept": -224.811088808339992728983819576527025674295146018266677856445312500
      },
      "0.44990997843035513970022520879865624010562896728515625": {
        "slope": 1.2170318638,
        "yIntercept": 0.182445220451312914165274459143972762831253930926322937011718750
      },
      "1.14990997843035513970022520879865624010562896728515625": {
        "slope": 0.3857142858,
        "yIntercept": 0.556463293995442162250168407489070432347944006323814392089843750
      }
    },
    "lowestX": -0.15009002156964486029977479120134375989437103271484375
  },
  "alpha": 1380.779057736932372790761291980743408203125,
  "beta": 0.14990997843035513970022520879865624010562896728515625,
  "setupType": "Multi Region Model Global Bidder",
  "population": 0,
  "id": 0,
  "worldId": 133,
  "implementation": "ch.uzh.ifi.ce.mweiss.specval.model.mrm.MRMGlobalBidder"
}