{
  "gammaValues": {
    "1": 0.96000,
    "2": 0.84000,
    "3": 0.64000,
    "4": 0.36000
  },
  "qualityFunction": {
    "linearFunctions": {
      "-0.1075468623612092333718948111709323711693286895751953125": {
        "slope": 3.1799769702,
        "yIntercept": 0.61199654553408544405377720853955736401985632255673408508300781250
      },
      "0.4924531376387907666281051888290676288306713104248046875": {
        "slope": 0.7666666667,
        "yIntercept": 0.35245259448051197433049299634344464493551640771329402923583984375
      },
      "1.1924531376387907666281051888290676288306713104248046875": {
        "slope": 0.3857142858,
        "yIntercept": 0.54005378972568472107440593288352204126567812636494636535644531250
      }
    },
    "lowestX": -0.1924531376387907666281051888290676288306713104248046875
  },
  "alpha": 1375.245837978497775111463852226734161376953125,
  "beta": 0.1924531376387907666281051888290676288306713104248046875,
  "setupType": "Multi Region Model Global Bidder",
  "population": 0,
  "id": 1,
  "worldId": 133,
  "implementation": "ch.uzh.ifi.ce.mweiss.specval.model.mrm.MRMGlobalBidder"
}