{
  "gammaValues": {
    "1": 0.96000,
    "2": 0.84000,
    "3": 0.64000,
    "4": 0.36000
  },
  "qualityFunction": {
    "linearFunctions": {
      "-0.131549808597866968451484126489958725869655609130859375": {
        "slope": -7.3169972634,
        "yIntercept": -0.9625495895086136007632365108044325552327791228890419006347656250
      },
      "0.431549808597866968451484126489958725869655609130859375": {
        "slope": 1.2963958379,
        "yIntercept": 0.1705406243428163727183946296594996283602085895836353302001953125
      },
      "1.131549808597866968451484126489958725869655609130859375": {
        "slope": 0.3857142858,
        "yIntercept": 0.5635450737895470428603246682008887091797078028321266174316406250
      }
    },
    "lowestX": -0.168450191402133031548515873510041274130344390869140625
  },
  "alpha": 1264.718693625704645455698482692241668701171875,
  "beta": 0.131549808597866968451484126489958725869655609130859375,
  "setupType": "Multi Region Model Global Bidder",
  "population": 0,
  "id": 1,
  "worldId": 37,
  "implementation": "ch.uzh.ifi.ce.mweiss.specval.model.mrm.MRMGlobalBidder"
}