{
  "gammaValues": {
    "1": 0.96000,
    "2": 0.84000,
    "3": 0.64000,
    "4": 0.36000
  },
  "qualityFunction": {
    "linearFunctions": {
      "-0.149291382312735587678531601341092027723789215087890625": {
        "slope": -190.5117560939,
        "yIntercept": -28.4417634140849412285051094440024854748116922564804553985595703125
      },
      "0.449291382312735587678531601341092027723789215087890625": {
        "slope": 1.2195473094,
        "yIntercept": 0.1820679036161034353069810065584022140683373436331748962402343750
      },
      "1.149291382312735587678531601341092027723789215087890625": {
        "slope": 0.3857142858,
        "yIntercept": 0.5567018953551484405543319033959903663344448432326316833496093750
      }
    },
    "lowestX": -0.150708617687264412321468398658907972276210784912109375
  },
  "alpha": 1391.49103741752014684607274830341339111328125,
  "beta": 0.149291382312735587678531601341092027723789215087890625,
  "setupType": "Multi Region Model Global Bidder",
  "population": 0,
  "id": 0,
  "worldId": 37,
  "implementation": "ch.uzh.ifi.ce.mweiss.specval.model.mrm.MRMGlobalBidder"
}