{
  "gammaValues": {
    "1": 0.96000,
    "2": 0.84000,
    "3": 0.64000,
    "4": 0.36000
  },
  "qualityFunction": {
    "linearFunctions": {
      "-0.139323934584792141766484974141349084675312042236328125": {
        "slope": -12.6451079821,
        "yIntercept": -1.7617661973142666388792660592255145957096829079091548919677734375
      },
      "0.439323934584792141766484974141349084675312042236328125": {
        "slope": 1.2615617181,
        "yIntercept": 0.1757657422872423844983055529755944235148490406572818756103515625
      },
      "1.139323934584792141766484974141349084675312042236328125": {
        "slope": 0.3857142858,
        "yIntercept": 0.5605464823367809794970878978226380695559782907366752624511718750
      }
    },
    "lowestX": -0.160676065415207858233515025858650915324687957763671875
  },
  "alpha": 1107.15892453054993893601931631565093994140625,
  "beta": 0.139323934584792141766484974141349084675312042236328125,
  "setupType": "Multi Region Model Global Bidder",
  "population": 0,
  "id": 2,
  "worldId": 37,
  "implementation": "ch.uzh.ifi.ce.mweiss.specval.model.mrm.MRMGlobalBidder"
}