{
  "gammaValues": {
    "1": 0.96000,
    "2": 0.84000,
    "3": 0.64000,
    "4": 0.36000
  },
  "qualityFunction": {
    "linearFunctions": {
      "-0.136094572362506782692292972569703124463558197021484375": {
        "slope": 9.7084392886,
        "yIntercept": 1.5912658932906234293261604206826120844198158010840415954589843750
      },
      "0.463905427637493217307707027430296875536441802978515625": {
        "slope": 0.7666666667,
        "yIntercept": 0.3743391721491250191428415050598488278410513885319232940673828125
      },
      "1.163905427637493217307707027430296875536441802978515625": {
        "slope": 0.3857142858,
        "yIntercept": 0.5510650493000607223838135850790820313704898580908775329589843750
      }
    },
    "lowestX": -0.163905427637493217307707027430296875536441802978515625
  },
  "alpha": 1171.04693413570157645153813064098358154296875,
  "beta": 0.163905427637493217307707027430296875536441802978515625,
  "setupType": "Multi Region Model Global Bidder",
  "population": 0,
  "id": 0,
  "worldId": 37,
  "implementation": "ch.uzh.ifi.ce.mweiss.specval.model.mrm.MRMGlobalBidder"
}