{
  "gammaValues": {
    "1": 0.96000,
    "2": 0.84000,
    "3": 0.64000,
    "4": 0.36000
  },
  "qualityFunction": {
    "linearFunctions": {
      "-0.11871755084942538227554820196019136346876621246337890625": {
        "slope": -4.3155188824,
        "yIntercept": -0.512327832357022603600033454629425477833137847483158111572265625000
      },
      "0.41871755084942538227554820196019136346876621246337890625": {
        "slope": 1.3583035379,
        "yIntercept": 0.161254469329597646926937075384511643960649962536990642547607421875
      },
      "1.11871755084942538227554820196019136346876621246337890625": {
        "slope": 0.3857142858,
        "yIntercept": 0.568494658922188705335194946477450628208316629752516746520996093750
      }
    },
    "lowestX": -0.18128244915057461772445179803980863653123378753662109375
  },
  "alpha": 1376.98540290250411999295465648174285888671875,
  "beta": 0.11871755084942538227554820196019136346876621246337890625,
  "setupType": "Multi Region Model Global Bidder",
  "population": 0,
  "id": 3,
  "worldId": 37,
  "implementation": "ch.uzh.ifi.ce.mweiss.specval.model.mrm.MRMGlobalBidder"
}