{
  "gammaValues": {
    "1": 0.96000,
    "2": 0.84000,
    "3": 0.64000,
    "4": 0.36000
  },
  "qualityFunction": {
    "linearFunctions": {
      "-0.1101699772480071171099069715637597255408763885498046875": {
        "slope": -3.3894030350,
        "yIntercept": -0.37341045524972372956608088201413409024098655208945274353027343750
      },
      "0.4101699772480071171099069715637597255408763885498046875": {
        "slope": 1.4029289769,
        "yIntercept": 0.15456065346564290237092027247012282487048651091754436492919921875
      },
      "1.1101699772480071171099069715637597255408763885498046875": {
        "slope": 0.3857142858,
        "yIntercept": 0.57179158016918268535063527235884350830019684508442878723144531250
      }
    },
    "lowestX": -0.1898300227519928828900930284362402744591236114501953125
  },
  "alpha": 1067.8476924005508408299647271633148193359375,
  "beta": 0.1101699772480071171099069715637597255408763885498046875,
  "setupType": "Multi Region Model Global Bidder",
  "population": 0,
  "id": 0,
  "worldId": 85,
  "implementation": "ch.uzh.ifi.ce.mweiss.specval.model.mrm.MRMGlobalBidder"
}