{
  "gammaValues": {
    "1": 0.96000,
    "2": 0.84000,
    "3": 0.64000,
    "4": 0.36000
  },
  "qualityFunction": {
    "linearFunctions": {
      "-0.1011895889831249506496391177279292605817317962646484375": {
        "slope": 2.7658033848,
        "yIntercept": 0.54987050772395222141189516928960756558808498084545135498046875000
      },
      "0.4988104110168750493503608822720707394182682037353515625": {
        "slope": 0.7666666667,
        "yIntercept": 0.34757868489043544846416082194640040370359201915562152862548828125
      },
      "1.1988104110168750493503608822720707394182682037353515625": {
        "slope": 0.3857142858,
        "yIntercept": 0.53760169856502158859198579832217035345820477232336997985839843750
      }
    },
    "lowestX": -0.1988104110168750493503608822720707394182682037353515625
  },
  "alpha": 1051.456159947261085108038969337940216064453125,
  "beta": 0.1988104110168750493503608822720707394182682037353515625,
  "setupType": "Multi Region Model Global Bidder",
  "population": 0,
  "id": 2,
  "worldId": 85,
  "implementation": "ch.uzh.ifi.ce.mweiss.specval.model.mrm.MRMGlobalBidder"
}