{
  "gammaValues": {
    "1": 0.96000,
    "2": 0.84000,
    "3": 0.64000,
    "4": 0.36000
  },
  "qualityFunction": {
    "linearFunctions": {
      "-0.10039591975285801217498971027453080751001834869384765625": {
        "slope": -2.7215503105,
        "yIntercept": -0.273232546573676193702743973668045640579293831251561641693115234375
      },
      "0.40039591975285801217498971027453080751001834869384765625": {
        "slope": 1.4576914846,
        "yIntercept": 0.146346277312326060860365625759804686367715476080775260925292968750
      },
      "1.10039591975285801217498971027453080751001834869384765625": {
        "slope": 0.3857142858,
        "yIntercept": 0.575561573775292259325116139279110427651175996288657188415527343750
      }
    },
    "lowestX": -0.19960408024714198782501028972546919248998165130615234375
  },
  "alpha": 956.969317368597330641932785511016845703125,
  "beta": 0.10039591975285801217498971027453080751001834869384765625,
  "setupType": "Multi Region Model Global Bidder",
  "population": 0,
  "id": 1,
  "worldId": 85,
  "implementation": "ch.uzh.ifi.ce.mweiss.specval.model.mrm.MRMGlobalBidder"
}