{
  "gammaValues": {
    "1": 0.96000,
    "2": 0.84000,
    "3": 0.64000,
    "4": 0.36000
  },
  "qualityFunction": {
    "linearFunctions": {
      "-0.1395618700528782063496890941678429953753948211669921875": {
        "slope": -12.9333511542,
        "yIntercept": -1.80500267312929723487522278513317530723725212737917900085449218750
      },
      "0.4395618700528782063496890941678429953753948211669921875": {
        "slope": 1.2605250821,
        "yIntercept": 0.17592123770643383240024258673539492292547947727143764495849609375
      },
      "1.1395618700528782063496890941678429953753948211669921875": {
        "slope": 0.3857142858,
        "yIntercept": 0.56045470722764167440344464599100149371224688366055488586425781250
      }
    },
    "lowestX": -0.1604381299471217936503109058321570046246051788330078125
  },
  "alpha": 871.7328255638102518787491135299205780029296875,
  "beta": 0.1395618700528782063496890941678429953753948211669921875,
  "setupType": "Multi Region Model Global Bidder",
  "population": 0,
  "id": 0,
  "worldId": 85,
  "implementation": "ch.uzh.ifi.ce.mweiss.specval.model.mrm.MRMGlobalBidder"
}