{
  "gammaValues": {
    "1": 0.96000,
    "2": 0.84000,
    "3": 0.64000,
    "4": 0.36000
  },
  "qualityFunction": {
    "linearFunctions": {
      "-0.13573596237568636979631264694035053253173828125": {
        "slope": 9.4643609023,
        "yIntercept": 1.554654135345490097572758969590722699649631977081298828125
      },
      "0.46426403762431363020368735305964946746826171875": {
        "slope": 0.7666666667,
        "yIntercept": 0.374064237825884082256362574980812496505677700042724609375
      },
      "1.16426403762431363020368735305964946746826171875": {
        "slope": 0.3857142858,
        "yIntercept": 0.550926728305113539410779424088104860857129096984863281250
      }
    },
    "lowestX": -0.16426403762431363020368735305964946746826171875
  },
  "alpha": 1368.41911258241952964453957974910736083984375,
  "beta": 0.16426403762431363020368735305964946746826171875,
  "setupType": "Multi Region Model Global Bidder",
  "population": 0,
  "id": 1,
  "worldId": 85,
  "implementation": "ch.uzh.ifi.ce.mweiss.specval.model.mrm.MRMGlobalBidder"
}