{
  "gammaValues": {
    "1": 0.96000,
    "2": 0.84000,
    "3": 0.64000,
    "4": 0.36000
  },
  "qualityFunction": {
    "linearFunctions": {
      "-0.105163700245208990846634833360440097749233245849609375": {
        "slope": -3.0109531950,
        "yIntercept": -0.3166429792486657055675990934950903010758338496088981628417968750
      },
      "0.405163700245208990846634833360440097749233245849609375": {
        "slope": 1.4304542522,
        "yIntercept": 0.1504318621928453836342396754410799530887743458151817321777343750
      },
      "1.105163700245208990846634833360440097749233245849609375": {
        "slope": 0.3857142858,
        "yIntercept": 0.5737225727278339292238515079169758337229723110795021057128906250
      }
    },
    "lowestX": -0.194836299754791009153365166639559902250766754150390625
  },
  "alpha": 1281.549995315052001387812197208404541015625,
  "beta": 0.105163700245208990846634833360440097749233245849609375,
  "setupType": "Multi Region Model Global Bidder",
  "population": 0,
  "id": 3,
  "worldId": 85,
  "implementation": "ch.uzh.ifi.ce.mweiss.specval.model.mrm.MRMGlobalBidder"
}