{
  "gammaValues": {
    "1": 0.96000,
    "2": 0.84000,
    "3": 0.64000,
    "4": 0.36000
  },
  "qualityFunction": {
    "linearFunctions": {
      "-0.130411159779468166508564763717004097998142242431640625": {
        "slope": 6.8916790622,
        "yIntercept": 1.1687518593306204674215009409188326117146061733365058898925781250
      },
      "0.469588840220531833491435236282995902001857757568359375": {
        "slope": 0.7666666667,
        "yIntercept": 0.3699818891686059663158819243999886339224758557975292205810546875
      },
      "1.169588840220531833491435236282995902001857757568359375": {
        "slope": 0.3857142858,
        "yIntercept": 0.5488728758746872493486865374201499889750266447663307189941406250
      }
    },
    "lowestX": -0.169588840220531833491435236282995902001857757568359375
  },
  "alpha": 1084.819601808362449446576647460460662841796875,
  "beta": 0.169588840220531833491435236282995902001857757568359375,
  "setupType": "Multi Region Model Global Bidder",
  "population": 0,
  "id": 0,
  "worldId": 111,
  "implementation": "ch.uzh.ifi.ce.mweiss.specval.model.mrm.MRMGlobalBidder"
}