{
  "gammaValues": {
    "1": 0.96000,
    "2": 0.84000,
    "3": 0.64000,
    "4": 0.36000
  },
  "qualityFunction": {
    "linearFunctions": {
      "-0.1074589974585946461349550418162834830582141876220703125": {
        "slope": 3.1734089922,
        "yIntercept": 0.61101134883209880278055669555747897447872674092650413513183593750
      },
      "0.4925410025414053538650449581837165169417858123779296875": {
        "slope": 0.7666666667,
        "yIntercept": 0.35238523138850452861875202026364917173850699327886104583740234375
      },
      "1.1925410025414053538650449581837165169417858123779296875": {
        "slope": 0.3857142858,
        "yIntercept": 0.54001989897752584900564791436927691847813548520207405090332031250
      }
    },
    "lowestX": -0.1925410025414053538650449581837165169417858123779296875
  },
  "alpha": 930.960000962982803685008548200130462646484375,
  "beta": 0.1925410025414053538650449581837165169417858123779296875,
  "setupType": "Multi Region Model Global Bidder",
  "population": 0,
  "id": 1,
  "worldId": 111,
  "implementation": "ch.uzh.ifi.ce.mweiss.specval.model.mrm.MRMGlobalBidder"
}