{
  "gammaValues": {
    "1": 0.96000,
    "2": 0.84000,
    "3": 0.64000,
    "4": 0.36000
  },
  "qualityFunction": {
    "linearFunctions": {
      "-0.106384276722892689992505665941280312836170196533203125": {
        "slope": -3.0952140617,
        "yIntercept": -0.3292821092535185516350575951616264092081109993159770965576171875
      },
      "0.406384276722892689992505665941280312836170196533203125": {
        "slope": 1.4236442448,
        "yIntercept": 0.1514533632937567825158212464486950921127572655677795410156250000
      },
      "1.106384276722892689992505665941280312836170196533203125": {
        "slope": 0.3857142858,
        "yIntercept": 0.5732517789434798815694998697090056793967960402369499206542968750
      }
    },
    "lowestX": -0.193615723277107310007494334058719687163829803466796875
  },
  "alpha": 1011.525206243290767815778963267803192138671875,
  "beta": 0.106384276722892689992505665941280312836170196533203125,
  "setupType": "Multi Region Model Global Bidder",
  "population": 0,
  "id": 0,
  "worldId": 111,
  "implementation": "ch.uzh.ifi.ce.mweiss.specval.model.mrm.MRMGlobalBidder"
}