{
  "gammaValues": {
    "1": 0.96000,
    "2": 0.84000,
    "3": 0.64000,
    "4": 0.36000
  },
  "qualityFunction": {
    "linearFunctions": {
      "-0.142293919702627069678868565461016260087490081787109375": {
        "slope": 17.5186339606,
        "yIntercept": 2.7627950940906679640869106129308363506424939259886741638183593750
      },
      "0.457706080297372930321131434538983739912509918212890625": {
        "slope": 0.7666666667,
        "yIntercept": 0.3790920051100905507438868025094080849157762713730335235595703125
      },
      "1.157706080297372930321131434538983739912509918212890625": {
        "slope": 0.3857142858,
        "yIntercept": 0.5534562261317813485649316240788664345018332824110984802246093750
      }
    },
    "lowestX": -0.157706080297372930321131434538983739912509918212890625
  },
  "alpha": 1349.36379075779541381052695214748382568359375,
  "beta": 0.157706080297372930321131434538983739912509918212890625,
  "setupType": "Multi Region Model Global Bidder",
  "population": 0,
  "id": 2,
  "worldId": 81,
  "implementation": "ch.uzh.ifi.ce.mweiss.specval.model.mrm.MRMGlobalBidder"
}