{
  "gammaValues": {
    "1": 0.96000,
    "2": 0.84000,
    "3": 0.64000,
    "4": 0.36000
  },
  "qualityFunction": {
    "linearFunctions": {
      "-0.1032020713671151612711440748171298764646053314208984375": {
        "slope": 2.8847430633,
        "yIntercept": 0.56771145949552299079080631971638837285354384221136569976806640625
      },
      "0.4967979286328848387288559251828701235353946685791015625": {
        "slope": 0.7666666667,
        "yIntercept": 0.34912158805156169268678096273550437445010174997150897979736328125
      },
      "1.1967979286328848387288559251828701235353946685791015625": {
        "slope": 0.3857142858,
        "yIntercept": 0.53837794177044745403605115696699101590638747438788414001464843750
      }
    },
    "lowestX": -0.1967979286328848387288559251828701235353946685791015625
  },
  "alpha": 1043.43895157385259153670631349086761474609375,
  "beta": 0.1967979286328848387288559251828701235353946685791015625,
  "setupType": "Multi Region Model Global Bidder",
  "population": 0,
  "id": 0,
  "worldId": 81,
  "implementation": "ch.uzh.ifi.ce.mweiss.specval.model.mrm.MRMGlobalBidder"
}