{
  "gammaValues": {
    "1": 0.96000,
    "2": 0.84000,
    "3": 0.64000,
    "4": 0.36000
  },
  "qualityFunction": {
    "linearFunctions": {
      "-0.1450382462374768810509095828820136375725269317626953125": {
        "slope": -27.2081216564,
        "yIntercept": -3.94621824845982945538442018706959402152278926223516464233398437500
      },
      "0.4450382462374768810509095828820136375725269317626953125": {
        "slope": 1.2371277442,
        "yIntercept": 0.17943083839049391135416349762898846620373660698533058166503906250
      },
      "1.1450382462374768810509095828820136375725269317626953125": {
        "slope": 0.3857142858,
        "yIntercept": 0.55834239069882706763143685679828820411785272881388664245605468750
      }
    },
    "lowestX": -0.1549617537625231189490904171179863624274730682373046875
  },
  "alpha": 1397.783691301492581260390579700469970703125,
  "beta": 0.1450382462374768810509095828820136375725269317626953125,
  "setupType": "Multi Region Model Global Bidder",
  "population": 0,
  "id": 3,
  "worldId": 81,
  "implementation": "ch.uzh.ifi.ce.mweiss.specval.model.mrm.MRMGlobalBidder"
}