{
  "gammaValues": {
    "1": 0.96000,
    "2": 0.84000,
    "3": 0.64000,
    "4": 0.36000
  },
  "qualityFunction": {
    "linearFunctions": {
      "-0.145567514666723685223814754863269627094268798828125": {
        "slope": -30.4569535710,
        "yIntercept": -4.4335430356497351804522552676246505143353715538978576660156250
      },
      "0.445567514666723685223814754863269627094268798828125": {
        "slope": 1.2349124376,
        "yIntercept": 0.1797631343724574977253961804990467499010264873504638671875000
      },
      "1.145567514666723685223814754863269627094268798828125": {
        "slope": 0.3857142858,
        "yIntercept": 0.5581382443046436487279522786764118791325017809867858886718750
      }
    },
    "lowestX": -0.154432485333276314776185245136730372905731201171875
  },
  "alpha": 1128.163757969358584887231700122356414794921875,
  "beta": 0.145567514666723685223814754863269627094268798828125,
  "setupType": "Multi Region Model Global Bidder",
  "population": 0,
  "id": 1,
  "worldId": 81,
  "implementation": "ch.uzh.ifi.ce.mweiss.specval.model.mrm.MRMGlobalBidder"
}