{
  "gammaValues": {
    "1": 0.96000,
    "2": 0.84000,
    "3": 0.64000,
    "4": 0.36000
  },
  "qualityFunction": {
    "linearFunctions": {
      "-0.10035969339473382877514495703508146107196807861328125": {
        "slope": -2.7195641854,
        "yIntercept": -0.272934627805956934297299825153970687097171321511268615722656250
      },
      "0.40035969339473382877514495703508146107196807861328125": {
        "slope": 1.4579024086,
        "yIntercept": 0.146314638726539959527183820675588776794029399752616882324218750
      },
      "1.10035969339473382877514495703508146107196807861328125": {
        "slope": 0.3857142858,
        "yIntercept": 0.575575546799143263752895474105741868697805330157279968261718750
      }
    },
    "lowestX": -0.19964030660526617122485504296491853892803192138671875
  },
  "alpha": 1050.92311936000942296232096850872039794921875,
  "beta": 0.10035969339473382877514495703508146107196807861328125,
  "setupType": "Multi Region Model Global Bidder",
  "population": 0,
  "id": 1,
  "worldId": 3,
  "implementation": "ch.uzh.ifi.ce.mweiss.specval.model.mrm.MRMGlobalBidder"
}