{
  "gammaValues": {
    "1": 0.96000,
    "2": 0.84000,
    "3": 0.64000,
    "4": 0.36000
  },
  "qualityFunction": {
    "linearFunctions": {
      "-0.14678805225648090537760026563773863017559051513671875": {
        "slope": 42.0305717216,
        "yIntercept": 6.439585758240010588105868905017814540769904851913452148437500000
      },
      "0.45321194774351909462239973436226136982440948486328125": {
        "slope": 0.7666666667,
        "yIntercept": 0.382537506734861629198042900501519625322544015944004058837890625
      },
      "1.15321194774351909462239973436226136982440948486328125": {
        "slope": 0.3857142858,
        "yIntercept": 0.555189677260081610839058465778350637265248224139213562011718750
      }
    },
    "lowestX": -0.15321194774351909462239973436226136982440948486328125
  },
  "alpha": 881.4366081717080305679701268672943115234375,
  "beta": 0.15321194774351909462239973436226136982440948486328125,
  "setupType": "Multi Region Model Global Bidder",
  "population": 0,
  "id": 0,
  "worldId": 3,
  "implementation": "ch.uzh.ifi.ce.mweiss.specval.model.mrm.MRMGlobalBidder"
}