{
  "gammaValues": {
    "1": 0.96000,
    "2": 0.84000,
    "3": 0.64000,
    "4": 0.36000
  },
  "qualityFunction": {
    "linearFunctions": {
      "-0.106325667474657670208415538581903092563152313232421875": {
        "slope": 3.0910604054,
        "yIntercept": 0.5986590608113590676993555628193632855982286855578422546386718750
      },
      "0.493674332525342329791584461418096907436847686767578125": {
        "slope": 0.7666666667,
        "yIntercept": 0.3515163450674484027422738352530728889178135432302951812744140625
      },
      "1.193674332525342329791584461418096907436847686767578125": {
        "slope": 0.3857142858,
        "yIntercept": 0.5395827574121958728639309366137410961528075858950614929199218750
      }
    },
    "lowestX": -0.193674332525342329791584461418096907436847686767578125
  },
  "alpha": 865.9804268614044531204854138195514678955078125,
  "beta": 0.193674332525342329791584461418096907436847686767578125,
  "setupType": "Multi Region Model Global Bidder",
  "population": 0,
  "id": 1,
  "worldId": 3,
  "implementation": "ch.uzh.ifi.ce.mweiss.specval.model.mrm.MRMGlobalBidder"
}