{
  "gammaValues": {
    "1": 0.96000,
    "2": 0.84000,
    "3": 0.64000,
    "4": 0.36000
  },
  "qualityFunction": {
    "linearFunctions": {
      "-0.1472992045404053762513996161942486651241779327392578125": {
        "slope": -49.9852736053,
        "yIntercept": -7.36279104079478922909869930746307176150367013178765773773193359375
      },
      "0.4472992045404053762513996161942486651241779327392578125": {
        "slope": 1.2277193966,
        "yIntercept": 0.18084209051800646885076430669947455953661119565367698669433593750
      },
      "1.1472992045404053762513996161942486651241779327392578125": {
        "slope": 0.3857142858,
        "yIntercept": 0.55747030678178942305671111578924126206402434036135673522949218750
      }
    },
    "lowestX": -0.1527007954595946237486003838057513348758220672607421875
  },
  "alpha": 951.984607456719231777242384850978851318359375,
  "beta": 0.1472992045404053762513996161942486651241779327392578125,
  "setupType": "Multi Region Model Global Bidder",
  "population": 0,
  "id": 0,
  "worldId": 3,
  "implementation": "ch.uzh.ifi.ce.mweiss.specval.model.mrm.MRMGlobalBidder"
}