{
  "gammaValues": {
    "1": 0.96000,
    "2": 0.84000,
    "3": 0.64000,
    "4": 0.36000
  },
  "qualityFunction": {
    "linearFunctions": {
      "-0.1402286922212752084959674903075210750102996826171875": {
        "slope": -13.8159602641,
        "yIntercept": -1.93739403961415295478927042882588693828438408672809600830078125
      },
      "0.4402286922212752084959674903075210750102996826171875": {
        "slope": 1.2576289312,
        "yIntercept": 0.17635566032181609436184075434539408888667821884155273437500000
      },
      "1.1402286922212752084959674903075210750102996826171875": {
        "slope": 0.3857142858,
        "yIntercept": 0.56019750439120281738973180729601608618395403027534484863281250
      }
    },
    "lowestX": -0.1597713077787247915040325096924789249897003173828125
  },
  "alpha": 856.6317162913355787168256938457489013671875,
  "beta": 0.1402286922212752084959674903075210750102996826171875,
  "setupType": "Multi Region Model Global Bidder",
  "population": 0,
  "id": 0,
  "worldId": 3,
  "implementation": "ch.uzh.ifi.ce.mweiss.specval.model.mrm.MRMGlobalBidder"
}