{
  "gammaValues": {
    "1": 0.96000,
    "2": 0.84000,
    "3": 0.64000,
    "4": 0.36000
  },
  "qualityFunction": {
    "linearFunctions": {
      "-0.1485719728412128848304973871563561260700225830078125": {
        "slope": 94.5360171684,
        "yIntercept": 14.31540257526004019258480708387537561065983027219772338867187500
      },
      "0.4514280271587871151695026128436438739299774169921875": {
        "slope": 0.7666666667,
        "yIntercept": 0.38390517918321561079808842631422294289222918450832366943359375
      },
      "1.1514280271587871151695026128436438739299774169921875": {
        "slope": 0.3857142858,
        "yIntercept": 0.55587776091434542467815295374577999609755352139472961425781250
      }
    },
    "lowestX": -0.1514280271587871151695026128436438739299774169921875
  },
  "alpha": 1092.65992092116948697366751730442047119140625,
  "beta": 0.1514280271587871151695026128436438739299774169921875,
  "setupType": "Multi Region Model Global Bidder",
  "population": 0,
  "id": 0,
  "worldId": 91,
  "implementation": "ch.uzh.ifi.ce.mweiss.specval.model.mrm.MRMGlobalBidder"
}