{
  "gammaValues": {
    "1": 0.96000,
    "2": 0.84000,
    "3": 0.64000,
    "4": 0.36000
  },
  "qualityFunction": {
    "linearFunctions": {
      "-0.1369026368815579985938057916428078897297382354736328125": {
        "slope": 10.3074182780,
        "yIntercept": 1.68111274170063216417710788563866231015708763152360916137695312500
      },
      "0.4630973631184420014061942083571921102702617645263671875": {
        "slope": 0.7666666667,
        "yIntercept": 0.37495868828042455348463637354594624184755957685410976409912109375
      },
      "1.1630973631184420014061942083571921102702617645263671875": {
        "slope": 0.3857142858,
        "yIntercept": 0.55137673132890688261888720522740925389371113851666450500488281250
      }
    },
    "lowestX": -0.1630973631184420014061942083571921102702617645263671875
  },
  "alpha": 1287.0474149161063905921764671802520751953125,
  "beta": 0.1630973631184420014061942083571921102702617645263671875,
  "setupType": "Multi Region Model Global Bidder",
  "population": 0,
  "id": 1,
  "worldId": 91,
  "implementation": "ch.uzh.ifi.ce.mweiss.specval.model.mrm.MRMGlobalBidder"
}