{
  "gammaValues": {
    "1": 0.96000,
    "2": 0.84000,
    "3": 0.64000,
    "4": 0.36000
  },
  "qualityFunction": {
    "linearFunctions": {
      "-0.13915859986881591314755723942653276026248931884765625": {
        "slope": 12.4522661618,
        "yIntercept": 2.002839924270077685679305257160365272284252569079399108886718750
      },
      "0.46084140013118408685244276057346723973751068115234375": {
        "slope": 0.7666666667,
        "yIntercept": 0.376688259904064153408754413998593690848792903125286102294921875
      },
      "1.16084140013118408685244276057346723973751068115234375": {
        "slope": 0.3857142858,
        "yIntercept": 0.552246888481328303631384870620024685194948688149452209472656250
      }
    },
    "lowestX": -0.16084140013118408685244276057346723973751068115234375
  },
  "alpha": 1229.15751167285498013370670378208160400390625,
  "beta": 0.16084140013118408685244276057346723973751068115234375,
  "setupType": "Multi Region Model Global Bidder",
  "population": 0,
  "id": 0,
  "worldId": 91,
  "implementation": "ch.uzh.ifi.ce.mweiss.specval.model.mrm.MRMGlobalBidder"
}