{
  "gammaValues": {
    "1": 0.96000,
    "2": 0.84000,
    "3": 0.64000,
    "4": 0.36000
  },
  "qualityFunction": {
    "linearFunctions": {
      "-0.1084936473666937850612868032840196974575519561767578125": {
        "slope": -3.2525141679,
        "yIntercept": -0.35287712518268193750728730251342568635664065368473529815673828125
      },
      "0.4084936473666937850612868032840196974575519561767578125": {
        "slope": 1.4120269636,
        "yIntercept": 0.15319595546108176109107984474988484180357772856950759887695312500
      },
      "1.1084936473666937850612868032840196974575519561767578125": {
        "slope": 0.3857142858,
        "yIntercept": 0.57243816455211865598778705144233924784202827140688896179199218750
      }
    },
    "lowestX": -0.1915063526333062149387131967159803025424480438232421875
  },
  "alpha": 834.2598430717843029924551956355571746826171875,
  "beta": 0.1084936473666937850612868032840196974575519561767578125,
  "setupType": "Multi Region Model Global Bidder",
  "population": 0,
  "id": 1,
  "worldId": 91,
  "implementation": "ch.uzh.ifi.ce.mweiss.specval.model.mrm.MRMGlobalBidder"
}