{
  "gammaValues": {
    "1": 0.96000,
    "2": 0.84000,
    "3": 0.64000,
    "4": 0.36000
  },
  "qualityFunction": {
    "linearFunctions": {
      "-0.126060166736484469129919716579024679958820343017578125": {
        "slope": 5.6391370197,
        "yIntercept": 0.9808705529567358954953678773502900867242715321481227874755859375
      },
      "0.473939833263515530870080283420975320041179656982421875": {
        "slope": 0.7666666667,
        "yIntercept": 0.3666461278355067652241545983482495785210630856454372406005859375
      },
      "1.173939833263515530870080283420975320041179656982421875": {
        "slope": 0.3857142858,
        "yIntercept": 0.5471946357005920238132391308916169236908899620175361633300781250
      }
    },
    "lowestX": -0.173939833263515530870080283420975320041179656982421875
  },
  "alpha": 966.946012433732676072395406663417816162109375,
  "beta": 0.173939833263515530870080283420975320041179656982421875,
  "setupType": "Multi Region Model Global Bidder",
  "population": 0,
  "id": 2,
  "worldId": 117,
  "implementation": "ch.uzh.ifi.ce.mweiss.specval.model.mrm.MRMGlobalBidder"
}