{
  "gammaValues": {
    "1": 0.96000,
    "2": 0.84000,
    "3": 0.64000,
    "4": 0.36000
  },
  "qualityFunction": {
    "linearFunctions": {
      "-0.124674194329083842802674553240649402141571044921875": {
        "slope": 5.3305313069,
        "yIntercept": 0.9345796960362841347453850548987475121975876390933990478515625
      },
      "0.475325805670916157197325446759350597858428955078125": {
        "slope": 0.7666666667,
        "yIntercept": 0.3655835489897867526263532855779203600832261145114898681640625
      },
      "1.175325805670916157197325446759350597858428955078125": {
        "slope": 0.3857142858,
        "yIntercept": 0.5466600463433329845949530856330511596752330660820007324218750
      }
    },
    "lowestX": -0.175325805670916157197325446759350597858428955078125
  },
  "alpha": 1295.34070543982352319289930164813995361328125,
  "beta": 0.175325805670916157197325446759350597858428955078125,
  "setupType": "Multi Region Model Global Bidder",
  "population": 0,
  "id": 0,
  "worldId": 117,
  "implementation": "ch.uzh.ifi.ce.mweiss.specval.model.mrm.MRMGlobalBidder"
}