{
  "gammaValues": {
    "1": 0.96000,
    "2": 0.84000,
    "3": 0.64000,
    "4": 0.36000
  },
  "qualityFunction": {
    "linearFunctions": {
      "-0.11044964161369071053986345987141248770058155059814453125": {
        "slope": -3.4133698279,
        "yIntercept": -0.377005474183459861080717545889218200727555085904896259307861328125
      },
      "0.41044964161369071053986345987141248770058155059814453125": {
        "slope": 1.4014225466,
        "yIntercept": 0.154786618021315768989538910749281797052390174940228462219238281250
      },
      "1.11044964161369071053986345987141248770058155059814453125": {
        "slope": 0.3857142858,
        "yIntercept": 0.571683709628109328082022033146181172469368902966380119323730468750
      }
    },
    "lowestX": -0.18955035838630928946013654012858751229941844940185546875
  },
  "alpha": 847.9977064451587693838519044220447540283203125,
  "beta": 0.11044964161369071053986345987141248770058155059814453125,
  "setupType": "Multi Region Model Global Bidder",
  "population": 0,
  "id": 1,
  "worldId": 117,
  "implementation": "ch.uzh.ifi.ce.mweiss.specval.model.mrm.MRMGlobalBidder"
}