{
  "gammaValues": {
    "1": 0.96000,
    "2": 0.84000,
    "3": 0.64000,
    "4": 0.36000
  },
  "qualityFunction": {
    "linearFunctions": {
      "-0.13465921042839064103446844455902464687824249267578125": {
        "slope": 8.8000685604,
        "yIntercept": 1.455010284060831704262972108310236762918066233396530151367187500
      },
      "0.46534078957160935896553155544097535312175750732421875": {
        "slope": 0.7666666667,
        "yIntercept": 0.373238727999588131807372162196401177425286732614040374755859375
      },
      "1.16534078957160935896553155544097535312175750732421875": {
        "slope": 0.3857142858,
        "yIntercept": 0.550511409696778608150014169275721087615238502621650695800781250
      }
    },
    "lowestX": -0.16534078957160935896553155544097535312175750732421875
  },
  "alpha": 801.866154231387326944968663156032562255859375,
  "beta": 0.16534078957160935896553155544097535312175750732421875,
  "setupType": "Multi Region Model Global Bidder",
  "population": 0,
  "id": 0,
  "worldId": 117,
  "implementation": "ch.uzh.ifi.ce.mweiss.specval.model.mrm.MRMGlobalBidder"
}