{
  "gammaValues": {
    "1": 0.96000,
    "2": 0.84000,
    "3": 0.64000,
    "4": 0.36000
  },
  "qualityFunction": {
    "linearFunctions": {
      "-0.1140047033499921147470246296506957150995731353759765625": {
        "slope": 3.7504899964,
        "yIntercept": 0.69757349946330500562240320983065089421870652586221694946289062500
      },
      "0.4859952966500078852529753703493042849004268646240234375": {
        "slope": 0.7666666667,
        "yIntercept": 0.35740360590546077808438528655710086923136259429156780242919921875
      },
      "1.1859952966500078852529753703493042849004268646240234375": {
        "slope": 0.3857142858,
        "yIntercept": 0.54254467125048307597528025270072760122275212779641151428222656250
      }
    },
    "lowestX": -0.1859952966500078852529753703493042849004268646240234375
  },
  "alpha": 905.4377493652601742724073119461536407470703125,
  "beta": 0.1859952966500078852529753703493042849004268646240234375,
  "setupType": "Multi Region Model Global Bidder",
  "population": 0,
  "id": 1,
  "worldId": 117,
  "implementation": "ch.uzh.ifi.ce.mweiss.specval.model.mrm.MRMGlobalBidder"
}