{
  "gammaValues": {
    "1": 0.96000,
    "2": 0.84000,
    "3": 0.64000,
    "4": 0.36000
  },
  "qualityFunction": {
    "linearFunctions": {
      "-0.1456185731500657387638142381547368131577968597412109375": {
        "slope": -30.8118803813,
        "yIntercept": -4.48678205719459052297794116104245887299839523620903491973876953125
      },
      "0.4456185731500657387638142381547368131577968597412109375": {
        "slope": 1.2346991467,
        "yIntercept": 0.17979512801205769870058655268696412576900911517441272735595703125
      },
      "1.1456185731500657387638142381547368131577968597412109375": {
        "slope": 0.3857142858,
        "yIntercept": 0.55811855031820733734966601624627458022587234154343605041503906250
      }
    },
    "lowestX": -0.1543814268499342612361857618452631868422031402587890625
  },
  "alpha": 1184.38403271939387195743620395660400390625,
  "beta": 0.1456185731500657387638142381547368131577968597412109375,
  "setupType": "Multi Region Model Global Bidder",
  "population": 0,
  "id": 3,
  "worldId": 117,
  "implementation": "ch.uzh.ifi.ce.mweiss.specval.model.mrm.MRMGlobalBidder"
}