{
  "gammaValues": {
    "1": 0.96000,
    "2": 0.84000,
    "3": 0.64000,
    "4": 0.36000
  },
  "qualityFunction": {
    "linearFunctions": {
      "-0.1482976105441322467459741574202780611813068389892578125": {
        "slope": 79.3003031914,
        "yIntercept": 12.03004547871015530282657325922279767382860882207751274108886718750
      },
      "0.4517023894558677532540258425797219388186931610107421875": {
        "slope": 0.7666666667,
        "yIntercept": 0.38369483475544464285671792891374565215301117859780788421630859375
      },
      "1.1517023894558677532540258425797219388186931610107421875": {
        "slope": 0.3857142858,
        "yIntercept": 0.55577193545687651893437279615461932280595647171139717102050781250
      }
    },
    "lowestX": -0.1517023894558677532540258425797219388186931610107421875
  },
  "alpha": 1261.358472823250167493824847042560577392578125,
  "beta": 0.1517023894558677532540258425797219388186931610107421875,
  "setupType": "Multi Region Model Global Bidder",
  "population": 0,
  "id": 1,
  "worldId": 69,
  "implementation": "ch.uzh.ifi.ce.mweiss.specval.model.mrm.MRMGlobalBidder"
}