{
  "gammaValues": {
    "1": 0.96000,
    "2": 0.84000,
    "3": 0.64000,
    "4": 0.36000
  },
  "qualityFunction": {
    "linearFunctions": {
      "-0.1334181817014122584108548608128330670297145843505859375": {
        "slope": -8.1414473110,
        "yIntercept": -1.08621709664852776385850856022408095213904744014143943786621093750
      },
      "0.4334181817014122584108548608128330670297145843505859375": {
        "slope": 1.2878496285,
        "yIntercept": 0.17182255573930927491976543286522627340673352591693401336669921875
      },
      "1.1334181817014122584108548608128330670297145843505859375": {
        "slope": 0.3857142858,
        "yIntercept": 0.56282441559230514189569207439411968607601011171936988830566406250
      }
    },
    "lowestX": -0.1665818182985877415891451391871669329702854156494140625
  },
  "alpha": 893.5119940381467813494964502751827239990234375,
  "beta": 0.1334181817014122584108548608128330670297145843505859375,
  "setupType": "Multi Region Model Global Bidder",
  "population": 0,
  "id": 3,
  "worldId": 69,
  "implementation": "ch.uzh.ifi.ce.mweiss.specval.model.mrm.MRMGlobalBidder"
}