{
  "gammaValues": {
    "1": 0.96000,
    "2": 0.84000,
    "3": 0.64000,
    "4": 0.36000
  },
  "qualityFunction": {
    "linearFunctions": {
      "-0.142671305080937960152454024864709936082363128662109375": {
        "slope": 18.4207422319,
        "yIntercept": 2.8981113347852770697558507817515049964640638791024684906005859375
      },
      "0.457328694919062039847545975135290063917636871337890625": {
        "slope": 0.7666666667,
        "yIntercept": 0.3793813339001414796195793510680260851586353965103626251220703125
      },
      "1.157328694919062039847545975135290063917636871337890625": {
        "slope": 0.3857142858,
        "yIntercept": 0.5536017890634478964943126633180270346201723441481590270996093750
      }
    },
    "lowestX": -0.157328694919062039847545975135290063917636871337890625
  },
  "alpha": 1045.129805079682000723551027476787567138671875,
  "beta": 0.157328694919062039847545975135290063917636871337890625,
  "setupType": "Multi Region Model Global Bidder",
  "population": 0,
  "id": 2,
  "worldId": 69,
  "implementation": "ch.uzh.ifi.ce.mweiss.specval.model.mrm.MRMGlobalBidder"
}