{
  "gammaValues": {
    "1": 0.96000,
    "2": 0.84000,
    "3": 0.64000,
    "4": 0.36000
  },
  "qualityFunction": {
    "linearFunctions": {
      "-0.138314792933317942669191324966959655284881591796875": {
        "slope": -11.5530686987,
        "yIntercept": -1.5979603048049125202134845746826385948224924504756927490234375
      },
      "0.438314792933317942669191324966959655284881591796875": {
        "slope": 1.2659773586,
        "yIntercept": 0.1751033962130277949943290671797058166703209280967712402343750
      },
      "1.138314792933317942669191324966959655284881591796875": {
        "slope": 0.3857142858,
        "yIntercept": 0.5609357226881503827190275224268134479643777012825012207031250
      }
    },
    "lowestX": -0.161685207066682057330808675033040344715118408203125
  },
  "alpha": 1032.46454366041734829195775091648101806640625,
  "beta": 0.138314792933317942669191324966959655284881591796875,
  "setupType": "Multi Region Model Global Bidder",
  "population": 0,
  "id": 2,
  "worldId": 69,
  "implementation": "ch.uzh.ifi.ce.mweiss.specval.model.mrm.MRMGlobalBidder"
}