{
  "gammaValues": {
    "1": 0.96000,
    "2": 0.84000,
    "3": 0.64000,
    "4": 0.36000
  },
  "qualityFunction": {
    "linearFunctions": {
      "-0.121833450025194911514603290925151668488979339599609375": {
        "slope": -4.7929192648,
        "yIntercept": -0.5839378897171952632267265403953615532373078167438507080078125000
      },
      "0.421833450025194911514603290925151668488979339599609375": {
        "slope": 1.3427339423,
        "yIntercept": 0.1635899086563399978639029408444827140556299127638339996337890625
      },
      "1.121833450025194911514603290925151668488979339599609375": {
        "slope": 0.3857142858,
        "yIntercept": 0.5672928120969819526993505953704755029320949688553810119628906250
      }
    },
    "lowestX": -0.178166549974805088485396709074848331511020660400390625
  },
  "alpha": 1136.96553949917552017723210155963897705078125,
  "beta": 0.121833450025194911514603290925151668488979339599609375,
  "setupType": "Multi Region Model Global Bidder",
  "population": 0,
  "id": 0,
  "worldId": 69,
  "implementation": "ch.uzh.ifi.ce.mweiss.specval.model.mrm.MRMGlobalBidder"
}