{
  "gammaValues": {
    "1": 0.96000,
    "2": 0.84000,
    "3": 0.64000,
    "4": 0.36000
  },
  "qualityFunction": {
    "linearFunctions": {
      "-0.108845075746663300098049376174458302557468414306640625": {
        "slope": -3.2802878986,
        "yIntercept": -0.3570431847860200173596284378696452677104389294981956481933593750
      },
      "0.408845075746663300098049376174458302557468414306640625": {
        "slope": 1.4101098851,
        "yIntercept": 0.1534835172548281828096472245714920745740528218448162078857421875
      },
      "1.108845075746663300098049376174458302557468414306640625": {
        "slope": 0.3857142858,
        "yIntercept": 0.5723026136055288634696098148957332796271657571196556091308593750
      }
    },
    "lowestX": -0.191154924253336699901950623825541697442531585693359375
  },
  "alpha": 870.150680579232584932469762861728668212890625,
  "beta": 0.108845075746663300098049376174458302557468414306640625,
  "setupType": "Multi Region Model Global Bidder",
  "population": 0,
  "id": 0,
  "worldId": 69,
  "implementation": "ch.uzh.ifi.ce.mweiss.specval.model.mrm.MRMGlobalBidder"
}