{
  "gammaValues": {
    "1": 0.96000,
    "2": 0.84000,
    "3": 0.64000,
    "4": 0.36000
  },
  "qualityFunction": {
    "linearFunctions": {
      "-0.13352761565344890559714485789299942553043365478515625": {
        "slope": 8.1955348516,
        "yIntercept": 1.364330227741109786438721007684193864406552165746688842773437500
      },
      "0.46647238434655109440285514210700057446956634521484375": {
        "slope": 0.7666666667,
        "yIntercept": 0.372371172005428414812926021237871054836432449519634246826171875
      },
      "1.16647238434655109440285514210700057446956634521484375": {
        "slope": 0.3857142858,
        "yIntercept": 0.550074937426346944929194351381340766238281503319740295410156250
      }
    },
    "lowestX": -0.16647238434655109440285514210700057446956634521484375
  },
  "alpha": 898.5319354787106931325979530811309814453125,
  "beta": 0.16647238434655109440285514210700057446956634521484375,
  "setupType": "Multi Region Model Global Bidder",
  "population": 0,
  "id": 1,
  "worldId": 69,
  "implementation": "ch.uzh.ifi.ce.mweiss.specval.model.mrm.MRMGlobalBidder"
}