{
  "gammaValues": {
    "1": 0.96000,
    "2": 0.84000,
    "3": 0.64000,
    "4": 0.36000
  },
  "qualityFunction": {
    "linearFunctions": {
      "-0.101594497184833654213065301519236527383327484130859375": {
        "slope": -2.7889391112,
        "yIntercept": -0.2833408666785191262991655225533804696169681847095489501953125000
      },
      "0.401594497184833654213065301519236527383327484130859375": {
        "slope": 1.4507471511,
        "yIntercept": 0.1473879273583343939770069985772948939484194852411746978759765625
      },
      "1.101594497184833654213065301519236527383327484130859375": {
        "slope": 0.3857142858,
        "yIntercept": 0.5750992653371417764734033561957460278790676966309547424316406250
      }
    },
    "lowestX": -0.198405502815166345786934698480763472616672515869140625
  },
  "alpha": 1383.981664919056129292584955692291259765625,
  "beta": 0.101594497184833654213065301519236527383327484130859375,
  "setupType": "Multi Region Model Global Bidder",
  "population": 0,
  "id": 1,
  "worldId": 87,
  "implementation": "ch.uzh.ifi.ce.mweiss.specval.model.mrm.MRMGlobalBidder"
}