{
  "gammaValues": {
    "1": 0.96000,
    "2": 0.84000,
    "3": 0.64000,
    "4": 0.36000
  },
  "qualityFunction": {
    "linearFunctions": {
      "-0.1093946804948028150850092288237647153437137603759765625": {
        "slope": 3.3246875446,
        "yIntercept": 0.63370313169343251565385282675357814241579035297036170959472656250
      },
      "0.4906053195051971849149907711762352846562862396240234375": {
        "slope": 0.7666666667,
        "yIntercept": 0.35386925504966198091500050260105325605763937346637248992919921875
      },
      "1.1906053195051971849149907711762352846562862396240234375": {
        "slope": 0.3857142858,
        "yIntercept": 0.54076651957737205843234380098216718124604085460305213928222656250
      }
    },
    "lowestX": -0.1906053195051971849149907711762352846562862396240234375
  },
  "alpha": 1083.371092918391923376475460827350616455078125,
  "beta": 0.1906053195051971849149907711762352846562862396240234375,
  "setupType": "Multi Region Model Global Bidder",
  "population": 0,
  "id": 0,
  "worldId": 87,
  "implementation": "ch.uzh.ifi.ce.mweiss.specval.model.mrm.MRMGlobalBidder"
}