{
  "gammaValues": {
    "1": 0.96000,
    "2": 0.84000,
    "3": 0.64000,
    "4": 0.36000
  },
  "qualityFunction": {
    "linearFunctions": {
      "-0.1219687554631537607097158115720958448946475982666015625": {
        "slope": 4.8160544504,
        "yIntercept": 0.85740816756192901751447650315895998573978431522846221923828125000
      },
      "0.4780312445368462392902841884279041551053524017333984375": {
        "slope": 0.7666666667,
        "yIntercept": 0.36350937919248350839288724756226400813829968683421611785888671875
      },
      "1.1780312445368462392902841884279041551053524017333984375": {
        "slope": 0.3857142858,
        "yIntercept": 0.54561651992338520102773213538149832402268657460808753967285156250
      }
    },
    "lowestX": -0.1780312445368462392902841884279041551053524017333984375
  },
  "alpha": 1206.613085881593406156753189861774444580078125,
  "beta": 0.1780312445368462392902841884279041551053524017333984375,
  "setupType": "Multi Region Model Global Bidder",
  "population": 0,
  "id": 1,
  "worldId": 87,
  "implementation": "ch.uzh.ifi.ce.mweiss.specval.model.mrm.MRMGlobalBidder"
}