{
  "gammaValues": {
    "1": 0.96000,
    "2": 0.84000,
    "3": 0.64000,
    "4": 0.36000
  },
  "qualityFunction": {
    "linearFunctions": {
      "-0.13777050851134420295096560948877595365047454833984375": {
        "slope": -11.0388890760,
        "yIntercept": -1.520833361399157455968658769762669180636294186115264892578125000
      },
      "0.43777050851134420295096560948877595365047454833984375": {
        "slope": 1.2683718075,
        "yIntercept": 0.174744228900727780951563083977617907294188626110553741455078125
      },
      "1.13777050851134420295096560948877595365047454833984375": {
        "slope": 0.3857142858,
        "yIntercept": 0.561145660965244049560798047515675079921493306756019592285156250
      }
    },
    "lowestX": -0.16222949148865579704903439051122404634952545166015625
  },
  "alpha": 1085.86877747464177446090616285800933837890625,
  "beta": 0.13777050851134420295096560948877595365047454833984375,
  "setupType": "Multi Region Model Global Bidder",
  "population": 0,
  "id": 0,
  "worldId": 87,
  "implementation": "ch.uzh.ifi.ce.mweiss.specval.model.mrm.MRMGlobalBidder"
}