{
  "gammaValues": {
    "1": 0.96000,
    "2": 0.84000,
    "3": 0.64000,
    "4": 0.36000
  },
  "qualityFunction": {
    "linearFunctions": {
      "-0.1300541446236798126534495168016292154788970947265625": {
        "slope": -6.7683234162,
        "yIntercept": -0.88024851242968658700642857972695765056414529681205749511718750
      },
      "0.4300541446236798126534495168016292154788970947265625": {
        "slope": 1.3033194010,
        "yIntercept": 0.16950208986850174384328604482163882494205608963966369628906250
      },
      "1.1300541446236798126534495168016292154788970947265625": {
        "slope": 0.3857142858,
        "yIntercept": 0.56412197275114743129449691672050448687514290213584899902343750
      }
    },
    "lowestX": -0.1699458553763201873465504831983707845211029052734375
  },
  "alpha": 1032.458230563791175882215611636638641357421875,
  "beta": 0.1300541446236798126534495168016292154788970947265625,
  "setupType": "Multi Region Model Global Bidder",
  "population": 0,
  "id": 1,
  "worldId": 123,
  "implementation": "ch.uzh.ifi.ce.mweiss.specval.model.mrm.MRMGlobalBidder"
}