{
  "gammaValues": {
    "1": 0.96000,
    "2": 0.84000,
    "3": 0.64000,
    "4": 0.36000
  },
  "qualityFunction": {
    "linearFunctions": {
      "-0.11075680669115313126127375653595663607120513916015625": {
        "slope": 3.4400870220,
        "yIntercept": 0.651013053303601350933429658951467899896670132875442504882812500
      },
      "0.48924319330884686873872624346404336392879486083984375": {
        "slope": 0.7666666667,
        "yIntercept": 0.354913551800242627523348317719609212872455827891826629638671875
      },
      "1.18924319330884686873872624346404336392879486083984375": {
        "slope": 0.3857142858,
        "yIntercept": 0.541291911110366791202875860200549595901975408196449279785156250
      }
    },
    "lowestX": -0.18924319330884686873872624346404336392879486083984375
  },
  "alpha": 920.4536820352877839468419551849365234375,
  "beta": 0.18924319330884686873872624346404336392879486083984375,
  "setupType": "Multi Region Model Global Bidder",
  "population": 0,
  "id": 0,
  "worldId": 123,
  "implementation": "ch.uzh.ifi.ce.mweiss.specval.model.mrm.MRMGlobalBidder"
}