{
  "gammaValues": {
    "1": 0.96000,
    "2": 0.84000,
    "3": 0.64000,
    "4": 0.36000
  },
  "qualityFunction": {
    "linearFunctions": {
      "-0.1394763665994130763525760130505659617483615875244140625": {
        "slope": 12.8282689886,
        "yIntercept": 2.05924034829014439366492513205919578922475920990109443664550781250
      },
      "0.4605236334005869236474239869494340382516384124755859375": {
        "slope": 0.7666666667,
        "yIntercept": 0.37693188106419923742362204588385310444209608249366283416748046875
      },
      "1.1605236334005869236474239869494340382516384124755859375": {
        "slope": 0.3857142858,
        "yIntercept": 0.55236945564887158944451472586401052922155940905213356018066406250
      }
    },
    "lowestX": -0.1605236334005869236474239869494340382516384124755859375
  },
  "alpha": 1287.0406330213709225063212215900421142578125,
  "beta": 0.1605236334005869236474239869494340382516384124755859375,
  "setupType": "Multi Region Model Global Bidder",
  "population": 0,
  "id": 1,
  "worldId": 149,
  "implementation": "ch.uzh.ifi.ce.mweiss.specval.model.mrm.MRMGlobalBidder"
}