{
  "gammaValues": {
    "1": 0.96000,
    "2": 0.84000,
    "3": 0.64000,
    "4": 0.36000
  },
  "qualityFunction": {
    "linearFunctions": {
      "-0.1462321985667303925193749591926462016999721527099609375": {
        "slope": -35.8299136488,
        "yIntercept": -5.23948704731987491148026573117846282912069000303745269775390625000
      },
      "0.4462321985667303925193749591926462016999721527099609375": {
        "slope": 1.2321415490,
        "yIntercept": 0.18017876765568676570420067473143888037157012149691581726074218750
      },
      "1.1462321985667303925193749591926462016999721527099609375": {
        "slope": 0.3857142858,
        "yIntercept": 0.55788186622886980300823562495260432569921249523758888244628906250
      }
    },
    "lowestX": -0.1537678014332696074806250408073537983000278472900390625
  },
  "alpha": 1106.99967963648077784455381333827972412109375,
  "beta": 0.1462321985667303925193749591926462016999721527099609375,
  "setupType": "Multi Region Model Global Bidder",
  "population": 0,
  "id": 0,
  "worldId": 149,
  "implementation": "ch.uzh.ifi.ce.mweiss.specval.model.mrm.MRMGlobalBidder"
}