{
  "gammaValues": {
    "1": 0.96000,
    "2": 0.84000,
    "3": 0.64000,
    "4": 0.36000
  },
  "qualityFunction": {
    "linearFunctions": {
      "-0.14082024362357226099362605964415706694126129150390625": {
        "slope": -14.7062726355,
        "yIntercept": -2.070940895324215895392573039135442058977787382900714874267578125
      },
      "0.44082024362357226099362605964415706694126129150390625": {
        "slope": 1.2550708144,
        "yIntercept": 0.176739377848643244642519611886655184207484126091003417968750000
      },
      "1.14082024362357226099362605964415706694126129150390625": {
        "slope": 0.3857142858,
        "yIntercept": 0.559969334564551821306152326052085754781728610396385192871093750
      }
    },
    "lowestX": -0.15917975637642773900637394035584293305873870849609375
  },
  "alpha": 1294.41932032065597013570368289947509765625,
  "beta": 0.14082024362357226099362605964415706694126129150390625,
  "setupType": "Multi Region Model Global Bidder",
  "population": 0,
  "id": 0,
  "worldId": 73,
  "implementation": "ch.uzh.ifi.ce.mweiss.specval.model.mrm.MRMGlobalBidder"
}