{
  "gammaValues": {
    "1": 0.96000,
    "2": 0.84000,
    "3": 0.64000,
    "4": 0.36000
  },
  "qualityFunction": {
    "linearFunctions": {
      "-0.13368544608415950936119998004869557917118072509765625": {
        "slope": 8.2748201819,
        "yIntercept": 1.376223027286492566039140428291176476705004461109638214111328125
      },
      "0.46631455391584049063880001995130442082881927490234375": {
        "slope": 0.7666666667,
        "yIntercept": 0.372492175335645138713058635016039943366195075213909149169921875
      },
      "1.16631455391584049063880001995130442082881927490234375": {
        "slope": 0.3857142858,
        "yIntercept": 0.550135814878205991846533664535456864541629329323768615722656250
      }
    },
    "lowestX": -0.16631455391584049063880001995130442082881927490234375
  },
  "alpha": 940.8638812364946488742134533822536468505859375,
  "beta": 0.16631455391584049063880001995130442082881927490234375,
  "setupType": "Multi Region Model Global Bidder",
  "population": 0,
  "id": 2,
  "worldId": 73,
  "implementation": "ch.uzh.ifi.ce.mweiss.specval.model.mrm.MRMGlobalBidder"
}