{
  "gammaValues": {
    "1": 0.96000,
    "2": 0.84000,
    "3": 0.64000,
    "4": 0.36000
  },
  "qualityFunction": {
    "linearFunctions": {
      "-0.115310943843757407467620623719994910061359405517578125": {
        "slope": 3.8917173011,
        "yIntercept": 0.7187575951670787621269784806177227665102691389620304107666015625
      },
      "0.484689056156242592532379376280005089938640594482421875": {
        "slope": 0.7666666667,
        "yIntercept": 0.3584050569507243771866343917675834518377087078988552093505859375
      },
      "1.184689056156242592532379376280005089938640594482421875": {
        "slope": 0.3857142858,
        "yIntercept": 0.5430485068696187952098328755035083759139524772763252258300781250
      }
    },
    "lowestX": -0.184689056156242592532379376280005089938640594482421875
  },
  "alpha": 1158.77369080575454063364304602146148681640625,
  "beta": 0.184689056156242592532379376280005089938640594482421875,
  "setupType": "Multi Region Model Global Bidder",
  "population": 0,
  "id": 2,
  "worldId": 73,
  "implementation": "ch.uzh.ifi.ce.mweiss.specval.model.mrm.MRMGlobalBidder"
}