{
  "gammaValues": {
    "1": 0.96000,
    "2": 0.84000,
    "3": 0.64000,
    "4": 0.36000
  },
  "qualityFunction": {
    "linearFunctions": {
      "-0.12064810103393348861278155936815892346203327178955078125": {
        "slope": -4.5993617024,
        "yIntercept": -0.554904255357240469645545992705137905431911349296569824218750000000
      },
      "0.42064810103393348861278155936815892346203327178955078125": {
        "slope": 1.3486146720,
        "yIntercept": 0.162707799203301072615342137694938173808623105287551879882812500000
      },
      "1.12064810103393348861278155936815892346203327178955078125": {
        "slope": 0.3857142858,
        "yIntercept": 0.567750018136570102875018528076900281575944973155856132507324218750
      }
    },
    "lowestX": -0.17935189896606651138721844063184107653796672821044921875
  },
  "alpha": 1036.617137942806266437401063740253448486328125,
  "beta": 0.12064810103393348861278155936815892346203327178955078125,
  "setupType": "Multi Region Model Global Bidder",
  "population": 0,
  "id": 3,
  "worldId": 73,
  "implementation": "ch.uzh.ifi.ce.mweiss.specval.model.mrm.MRMGlobalBidder"
}