{
  "gammaValues": {
    "1": 0.96000,
    "2": 0.84000,
    "3": 0.64000,
    "4": 0.36000
  },
  "qualityFunction": {
    "linearFunctions": {
      "-0.11963224777905157036883565524476580321788787841796875": {
        "slope": -4.4455051864,
        "yIntercept": -0.531825777957536362652276533680151260341517627239227294921875000
      },
      "0.41963224777905157036883565524476580321788787841796875": {
        "slope": 1.3536956466,
        "yIntercept": 0.161945653011474629485186382815697925252607092261314392089843750
      },
      "1.11963224777905157036883565524476580321788787841796875": {
        "slope": 0.3857142858,
        "yIntercept": 0.568141847249254487333816112659690134023549035191535949707031250
      }
    },
    "lowestX": -0.18036775222094842963116434475523419678211212158203125
  },
  "alpha": 1307.09430500040025435737334191799163818359375,
  "beta": 0.11963224777905157036883565524476580321788787841796875,
  "setupType": "Multi Region Model Global Bidder",
  "population": 0,
  "id": 1,
  "worldId": 73,
  "implementation": "ch.uzh.ifi.ce.mweiss.specval.model.mrm.MRMGlobalBidder"
}