{
  "gammaValues": {
    "1": 0.96000,
    "2": 0.84000,
    "3": 0.64000,
    "4": 0.36000
  },
  "qualityFunction": {
    "linearFunctions": {
      "-0.109043030660986539626122748813941143453121185302734375": {
        "slope": 3.2961423216,
        "yIntercept": 0.6294213482427958447304013667178423929726704955101013183593750000
      },
      "0.490956969339013460373877251186058856546878814697265625": {
        "slope": 0.7666666667,
        "yIntercept": 0.3535996568437244480687269920782256349411909468472003936767578125
      },
      "1.190956969339013460373877251186058856546878814697265625": {
        "slope": 0.3857142858,
        "yIntercept": 0.5406308832128699250553033350819021052302559837698936462402343750
      }
    },
    "lowestX": -0.190956969339013460373877251186058856546878814697265625
  },
  "alpha": 977.4039003524057989125140011310577392578125,
  "beta": 0.190956969339013460373877251186058856546878814697265625,
  "setupType": "Multi Region Model Global Bidder",
  "population": 0,
  "id": 0,
  "worldId": 73,
  "implementation": "ch.uzh.ifi.ce.mweiss.specval.model.mrm.MRMGlobalBidder"
}