{
  "gammaValues": {
    "1": 0.96000,
    "2": 0.84000,
    "3": 0.64000,
    "4": 0.36000
  },
  "qualityFunction": {
    "linearFunctions": {
      "-0.141321895899569849319732384174130856990814208984375": {
        "slope": 15.5563932442,
        "yIntercept": 2.4684589866303959143565031730815917399013414978981018066406250
      },
      "0.458678104100430150680267615825869143009185791015625": {
        "slope": 0.7666666667,
        "yIntercept": 0.3783467868610476143417804895108247364987619221210479736328125
      },
      "1.158678104100430150680267615825869143009185791015625": {
        "slope": 0.3857142858,
        "yIntercept": 0.5530813026648045329575741924088561063399538397789001464843750
      }
    },
    "lowestX": -0.158678104100430150680267615825869143009185791015625
  },
  "alpha": 982.52954234390153942513279616832733154296875,
  "beta": 0.158678104100430150680267615825869143009185791015625,
  "setupType": "Multi Region Model Global Bidder",
  "population": 0,
  "id": 1,
  "worldId": 73,
  "implementation": "ch.uzh.ifi.ce.mweiss.specval.model.mrm.MRMGlobalBidder"
}