{
  "gammaValues": {
    "1": 0.96000,
    "2": 0.84000,
    "3": 0.64000,
    "4": 0.36000
  },
  "qualityFunction": {
    "linearFunctions": {
      "-0.147862609072525241771245418931357562541961669921875": {
        "slope": -63.1611177275,
        "yIntercept": -9.3391676591249236187709674705814677508897148072719573974609375
      },
      "0.447862609072525241771245418931357562541961669921875": {
        "slope": 1.2253971761,
        "yIntercept": 0.1811904236082506713624538985385470368782989680767059326171875
      },
      "1.147862609072525241771245418931357562541961669921875": {
        "slope": 0.3857142858,
        "yIntercept": 0.5572529936050663259677317462603696185396984219551086425781250
      }
    },
    "lowestX": -0.152137390927474758228754581068642437458038330078125
  },
  "alpha": 855.43773789209399183164350688457489013671875,
  "beta": 0.147862609072525241771245418931357562541961669921875,
  "setupType": "Multi Region Model Global Bidder",
  "population": 0,
  "id": 3,
  "worldId": 25,
  "implementation": "ch.uzh.ifi.ce.mweiss.specval.model.mrm.MRMGlobalBidder"
}