{
  "gammaValues": {
    "1": 0.96000,
    "2": 0.84000,
    "3": 0.64000,
    "4": 0.36000
  },
  "qualityFunction": {
    "linearFunctions": {
      "-0.1245312314979693912864178173549589700996875762939453125": {
        "slope": 5.3006096463,
        "yIntercept": 0.93009144694624504568507455115611293194888276048004627227783203125
      },
      "0.4754687685020306087135821826450410299003124237060546875": {
        "slope": 0.7666666667,
        "yIntercept": 0.36547394415259424103618597301501580432159244082868099212646484375
      },
      "1.1754687685020306087135821826450410299003124237060546875": {
        "slope": 0.3857142858,
        "yIntercept": 0.54660490353703372791030139166146284424030454829335212707519531250
      }
    },
    "lowestX": -0.1754687685020306087135821826450410299003124237060546875
  },
  "alpha": 1146.693124126695011000265367329120635986328125,
  "beta": 0.1754687685020306087135821826450410299003124237060546875,
  "setupType": "Multi Region Model Global Bidder",
  "population": 0,
  "id": 3,
  "worldId": 25,
  "implementation": "ch.uzh.ifi.ce.mweiss.specval.model.mrm.MRMGlobalBidder"
}