{
  "gammaValues": {
    "1": 0.96000,
    "2": 0.84000,
    "3": 0.64000,
    "4": 0.36000
  },
  "qualityFunction": {
    "linearFunctions": {
      "-0.109653772749089950533374349106452427804470062255859375": {
        "slope": 3.3460377636,
        "yIntercept": 0.6369056645403324379820734657542402601393405348062515258789062500
      },
      "0.490346227250910049466625650893547572195529937744140625": {
        "slope": 0.7666666667,
        "yIntercept": 0.3540678924446240878338899993327260062869754619896411895751953125
      },
      "1.190346227250910049466625650893547572195529937744140625": {
        "slope": 0.3857142858,
        "yIntercept": 0.5408664551611907328699378161296351663622772321105003356933593750
      }
    },
    "lowestX": -0.190346227250910049466625650893547572195529937744140625
  },
  "alpha": 1142.760024984829442473710514605045318603515625,
  "beta": 0.190346227250910049466625650893547572195529937744140625,
  "setupType": "Multi Region Model Global Bidder",
  "population": 0,
  "id": 2,
  "worldId": 25,
  "implementation": "ch.uzh.ifi.ce.mweiss.specval.model.mrm.MRMGlobalBidder"
}