{
  "gammaValues": {
    "1": 0.96000,
    "2": 0.84000,
    "3": 0.64000,
    "4": 0.36000
  },
  "qualityFunction": {
    "linearFunctions": {
      "-0.1159863041939932060131468460895121097564697265625": {
        "slope": 3.9689894556,
        "yIntercept": 0.73034841834002690847578165289633034262806177139282226562500
      },
      "0.4840136958060067939868531539104878902435302734375": {
        "slope": 0.7666666667,
        "yIntercept": 0.35892283321926100141654568886906417901627719402313232421875
      },
      "1.1840136958060067939868531539104878902435302734375": {
        "slope": 0.3857142858,
        "yIntercept": 0.54330900300476763410741320114993868628516793251037597656250
      }
    },
    "lowestX": -0.1840136958060067939868531539104878902435302734375
  },
  "alpha": 1387.523209689941040778649039566516876220703125,
  "beta": 0.1840136958060067939868531539104878902435302734375,
  "setupType": "Multi Region Model Global Bidder",
  "population": 0,
  "id": 0,
  "worldId": 25,
  "implementation": "ch.uzh.ifi.ce.mweiss.specval.model.mrm.MRMGlobalBidder"
}