{
  "gammaValues": {
    "1": 0.96000,
    "2": 0.84000,
    "3": 0.64000,
    "4": 0.36000
  },
  "qualityFunction": {
    "linearFunctions": {
      "-0.1154815858333801958934827780467458069324493408203125": {
        "slope": -3.9109560291,
        "yIntercept": -0.45164340436491257483784446780106236474239267408847808837890625
      },
      "0.4154815858333801958934827780467458069324493408203125": {
        "slope": 1.3748599507,
        "yIntercept": 0.15877100740563891454047007467664798241457901895046234130859375
      },
      "1.1154815858333801958934827780467458069324493408203125": {
        "slope": 0.3857142858,
        "yIntercept": 0.56974281685722635994108119739109952206490561366081237792968750
      }
    },
    "lowestX": -0.1845184141666198041065172219532541930675506591796875
  },
  "alpha": 1170.331879163722305747796781361103057861328125,
  "beta": 0.1154815858333801958934827780467458069324493408203125,
  "setupType": "Multi Region Model Global Bidder",
  "population": 0,
  "id": 2,
  "worldId": 25,
  "implementation": "ch.uzh.ifi.ce.mweiss.specval.model.mrm.MRMGlobalBidder"
}