{
  "gammaValues": {
    "1": 0.96000,
    "2": 0.84000,
    "3": 0.64000,
    "4": 0.36000
  },
  "qualityFunction": {
    "linearFunctions": {
      "-0.1242974001832781283383155823685228824615478515625": {
        "slope": 5.2523869556,
        "yIntercept": 0.92285804334235690946904853149135306011885404586791992187500
      },
      "0.4757025998167218716616844176314771175384521484375": {
        "slope": 0.7666666667,
        "yIntercept": 0.36529467347798981173215121742714472929947078227996826171875
      },
      "1.1757025998167218716616844176314771175384521484375": {
        "slope": 0.3857142858,
        "yIntercept": 0.54651471145848991237477413562828587600961327552795410156250
      }
    },
    "lowestX": -0.1757025998167218716616844176314771175384521484375
  },
  "alpha": 1132.589162095942810992710292339324951171875,
  "beta": 0.1757025998167218716616844176314771175384521484375,
  "setupType": "Multi Region Model Global Bidder",
  "population": 0,
  "id": 1,
  "worldId": 25,
  "implementation": "ch.uzh.ifi.ce.mweiss.specval.model.mrm.MRMGlobalBidder"
}