{
  "gammaValues": {
    "1": 0.96000,
    "2": 0.84000,
    "3": 0.64000,
    "4": 0.36000
  },
  "qualityFunction": {
    "linearFunctions": {
      "-0.10295712907373526234788840838518808595836162567138671875": {
        "slope": -2.8697228154,
        "yIntercept": -0.295458422309019248740760062443833078305033268406987190246582031250
      },
      "0.40295712907373526234788840838518808595836162567138671875": {
        "slope": 1.4429322524,
        "yIntercept": 0.148560162155002347780943533495090491669543553143739700317382812500
      },
      "1.10295712907373526234788840838518808595836162567138671875": {
        "slope": 0.3857142858,
        "yIntercept": 0.574573678751305787745208591421608446125901537016034126281738281250
      }
    },
    "lowestX": -0.19704287092626473765211159161481191404163837432861328125
  },
  "alpha": 1125.544477063483327583526261150836944580078125,
  "beta": 0.10295712907373526234788840838518808595836162567138671875,
  "setupType": "Multi Region Model Global Bidder",
  "population": 0,
  "id": 0,
  "worldId": 25,
  "implementation": "ch.uzh.ifi.ce.mweiss.specval.model.mrm.MRMGlobalBidder"
}