{
  "gammaValues": {
    "1": 0.96000,
    "2": 0.84000,
    "3": 0.64000,
    "4": 0.36000
  },
  "qualityFunction": {
    "linearFunctions": {
      "-0.143405747027211827315795744652859866619110107421875": {
        "slope": 20.4723720120,
        "yIntercept": 3.2058558018001563840647261116600930108688771724700927734375000
      },
      "0.456594252972788172684204255347140133380889892578125": {
        "slope": 0.7666666667,
        "yIntercept": 0.3799444060589759258430171318110524225630797445774078369140625
      },
      "1.156594252972788172684204255347140133380889892578125": {
        "slope": 0.3857142858,
        "yIntercept": 0.5538850738142164831384250867074570123804733157157897949218750
      }
    },
    "lowestX": -0.156594252972788172684204255347140133380889892578125
  },
  "alpha": 1196.340382735968660199432633817195892333984375,
  "beta": 0.156594252972788172684204255347140133380889892578125,
  "setupType": "Multi Region Model Global Bidder",
  "population": 0,
  "id": 1,
  "worldId": 25,
  "implementation": "ch.uzh.ifi.ce.mweiss.specval.model.mrm.MRMGlobalBidder"
}