{
  "gammaValues": {
    "1": 0.96000,
    "2": 0.84000,
    "3": 0.64000,
    "4": 0.36000
  },
  "qualityFunction": {
    "linearFunctions": {
      "-0.11802402061447066217159118650670279748737812042236328125": {
        "slope": -4.2219191591,
        "yIntercept": -0.498287873863752956672895557954650058718470972962677478790283203125
      },
      "0.41802402061447066217159118650670279748737812042236328125": {
        "slope": 1.3618182399,
        "yIntercept": 0.160727264019119753628703821390910633226667414419353008270263671875
      },
      "1.11802402061447066217159118650670279748737812042236328125": {
        "slope": 0.3857142858,
        "yIntercept": 0.568762163441444971395431628446992533554293913766741752624511718750
      }
    },
    "lowestX": -0.18197597938552933782840881349329720251262187957763671875
  },
  "alpha": 808.6062399116746064464678056538105010986328125,
  "beta": 0.11802402061447066217159118650670279748737812042236328125,
  "setupType": "Multi Region Model Global Bidder",
  "population": 0,
  "id": 0,
  "worldId": 25,
  "implementation": "ch.uzh.ifi.ce.mweiss.specval.model.mrm.MRMGlobalBidder"
}