{
  "gammaValues": {
    "1": 0.96000,
    "2": 0.84000,
    "3": 0.64000,
    "4": 0.36000
  },
  "qualityFunction": {
    "linearFunctions": {
      "-0.13533963375650455152054973950725980103015899658203125": {
        "slope": 9.2085011901,
        "yIntercept": 1.516275178515529703706950959141153134623891673982143402099609375
      },
      "0.46466036624349544847945026049274019896984100341796875": {
        "slope": 0.7666666667,
        "yIntercept": 0.373760385884498143957638285339584172106697224080562591552734375
      },
      "1.16466036624349544847945026049274019896984100341796875": {
        "slope": 0.3857142858,
        "yIntercept": 0.550773858694823724194198146797418758069397881627082824707031250
      }
    },
    "lowestX": -0.16466036624349544847945026049274019896984100341796875
  },
  "alpha": 1016.8515376228880313647096045315265655517578125,
  "beta": 0.16466036624349544847945026049274019896984100341796875,
  "setupType": "Multi Region Model Global Bidder",
  "population": 0,
  "id": 0,
  "worldId": 109,
  "implementation": "ch.uzh.ifi.ce.mweiss.specval.model.mrm.MRMGlobalBidder"
}