{
  "gammaValues": {
    "1": 0.96000,
    "2": 0.84000,
    "3": 0.64000,
    "4": 0.36000
  },
  "qualityFunction": {
    "linearFunctions": {
      "-0.137098681532767507906811488282983191311359405517578125": {
        "slope": 10.4640467828,
        "yIntercept": 1.7046070174209223861073556838263698409718926995992660522460937500
      },
      "0.462901318467232492093188511717016808688640594482421875": {
        "slope": 0.7666666667,
        "yIntercept": 0.3751089891796917121129810579471808296148083172738552093505859375
      },
      "1.162901318467232492093188511717016808688640594482421875": {
        "slope": 0.3857142858,
        "yIntercept": 0.5514523485515330686097216461583059299300657585263252258300781250
      }
    },
    "lowestX": -0.162901318467232492093188511717016808688640594482421875
  },
  "alpha": 845.268377860455302652553655207157135009765625,
  "beta": 0.162901318467232492093188511717016808688640594482421875,
  "setupType": "Multi Region Model Global Bidder",
  "population": 0,
  "id": 1,
  "worldId": 109,
  "implementation": "ch.uzh.ifi.ce.mweiss.specval.model.mrm.MRMGlobalBidder"
}