{
  "gammaValues": {
    "1": 0.96000,
    "2": 0.84000,
    "3": 0.64000,
    "4": 0.36000
  },
  "qualityFunction": {
    "linearFunctions": {
      "-0.130447208827068183989439376091468147933483123779296875": {
        "slope": 6.9043850981,
        "yIntercept": 1.1706577647156516505506857639407058968572528101503849029541015625
      },
      "0.469552791172931816010560623908531852066516876220703125": {
        "slope": 0.7666666667,
        "yIntercept": 0.3700095267717671813528057944697735592853859998285770416259765625
      },
      "1.169552791172931816010560623908531852066516876220703125": {
        "slope": 0.3857142858,
        "yIntercept": 0.5488867805073360602953896036915182321536121889948844909667968750
      }
    },
    "lowestX": -0.169552791172931816010560623908531852066516876220703125
  },
  "alpha": 1258.161365552568668135791085660457611083984375,
  "beta": 0.169552791172931816010560623908531852066516876220703125,
  "setupType": "Multi Region Model Global Bidder",
  "population": 0,
  "id": 3,
  "worldId": 109,
  "implementation": "ch.uzh.ifi.ce.mweiss.specval.model.mrm.MRMGlobalBidder"
}