{
  "gammaValues": {
    "1": 0.96000,
    "2": 0.84000,
    "3": 0.64000,
    "4": 0.36000
  },
  "qualityFunction": {
    "linearFunctions": {
      "-0.1423600221766692930369657688061124645173549652099609375": {
        "slope": -17.6702083594,
        "yIntercept": -2.51553125390944887452891925883058377166889840736985206604003906250
      },
      "0.4423600221766692930369657688061124645173549652099609375": {
        "slope": 1.2484607071,
        "yIntercept": 0.17773089394945622670778739016217429025346064008772373199462890625
      },
      "1.1423600221766692930369657688061124645173549652099609375": {
        "slope": 0.3857142858,
        "yIntercept": 0.55937541997965384221345583548590241207421058788895606994628906250
      }
    },
    "lowestX": -0.1576399778233307069630342311938875354826450347900390625
  },
  "alpha": 1143.7804940882269875146448612213134765625,
  "beta": 0.1423600221766692930369657688061124645173549652099609375,
  "setupType": "Multi Region Model Global Bidder",
  "population": 0,
  "id": 2,
  "worldId": 109,
  "implementation": "ch.uzh.ifi.ce.mweiss.specval.model.mrm.MRMGlobalBidder"
}