{
  "gammaValues": {
    "1": 0.96000,
    "2": 0.84000,
    "3": 0.64000,
    "4": 0.36000
  },
  "qualityFunction": {
    "linearFunctions": {
      "-0.11355976816564282427801657604504725895822048187255859375": {
        "slope": -3.7046965182,
        "yIntercept": -0.420704477729143828032417561924027893383026821538805961608886718750
      },
      "0.41355976816564282427801657604504725895822048187255859375": {
        "slope": 1.3848851156,
        "yIntercept": 0.157267232663585462648571472454861464029818307608366012573242187500
      },
      "1.11355976816564282427801657604504725895822048187255859375": {
        "slope": 0.3857142858,
        "yIntercept": 0.570484089386375501935709935730223207883682334795594215393066406250
      }
    },
    "lowestX": -0.18644023183435717572198342395495274104177951812744140625
  },
  "alpha": 1382.25520995724264139425940811634063720703125,
  "beta": 0.11355976816564282427801657604504725895822048187255859375,
  "setupType": "Multi Region Model Global Bidder",
  "population": 0,
  "id": 1,
  "worldId": 109,
  "implementation": "ch.uzh.ifi.ce.mweiss.specval.model.mrm.MRMGlobalBidder"
}