{
  "gammaValues": {
    "1": 0.96000,
    "2": 0.84000,
    "3": 0.64000,
    "4": 0.36000
  },
  "qualityFunction": {
    "linearFunctions": {
      "-0.111353897752559938272298722949926741421222686767578125": {
        "slope": -3.4932371480,
        "yIntercept": -0.3889855721961639115306191616383557629887945950031280517578125000
      },
      "0.411353897752559938272298722949926741421222686767578125": {
        "slope": 1.3965737766,
        "yIntercept": 0.1555139335234228853108071066735362819599686190485954284667968750
      },
      "1.111353897752559938272298722949926741421222686767578125": {
        "slope": 0.3857142858,
        "yIntercept": 0.5713349251173251182876082121531169377703918144106864929199218750
      }
    },
    "lowestX": -0.188646102247440061727701277050073258578777313232421875
  },
  "alpha": 1239.1757883426516855251975357532501220703125,
  "beta": 0.111353897752559938272298722949926741421222686767578125,
  "setupType": "Multi Region Model Global Bidder",
  "population": 0,
  "id": 0,
  "worldId": 109,
  "implementation": "ch.uzh.ifi.ce.mweiss.specval.model.mrm.MRMGlobalBidder"
}