{
  "gammaValues": {
    "1": 0.96000,
    "2": 0.84000,
    "3": 0.64000,
    "4": 0.36000
  },
  "qualityFunction": {
    "linearFunctions": {
      "-0.1283057165169635693846572621623636223375797271728515625": {
        "slope": -6.2228374634,
        "yIntercept": -0.79842561950985893882016950384716835742437979206442832946777343750
      },
      "0.4283057165169635693846572621623636223375797271728515625": {
        "slope": 1.3115073761,
        "yIntercept": 0.16827389360779332202296213749637132650605053640902042388916015625
      },
      "1.1283057165169635693846572621623636223375797271728515625": {
        "slope": 0.3857142858,
        "yIntercept": 0.56479636644960213325017817864726055177015950903296470642089843750
      }
    },
    "lowestX": -0.1716942834830364306153427378376363776624202728271484375
  },
  "alpha": 1336.5582845529252153937704861164093017578125,
  "beta": 0.1283057165169635693846572621623636223375797271728515625,
  "setupType": "Multi Region Model Global Bidder",
  "population": 0,
  "id": 2,
  "worldId": 51,
  "implementation": "ch.uzh.ifi.ce.mweiss.specval.model.mrm.MRMGlobalBidder"
}