{
  "gammaValues": {
    "1": 0.96000,
    "2": 0.84000,
    "3": 0.64000,
    "4": 0.36000
  },
  "qualityFunction": {
    "linearFunctions": {
      "-0.12110185293881954582406734743926790542900562286376953125": {
        "slope": -4.6715797976,
        "yIntercept": -0.565736969639084420936279535840895960063789971172809600830078125000
      },
      "0.42110185293881954582406734743926790542900562286376953125": {
        "slope": 1.3463574522,
        "yIntercept": 0.163046382179408166191252463339544931386626558378338813781738281250
      },
      "1.12110185293881954582406734743926790542900562286376953125": {
        "slope": 0.3857142858,
        "yIntercept": 0.567574999544646587787389490631362320982589153572916984558105468750
      }
    },
    "lowestX": -0.17889814706118045417593265256073209457099437713623046875
  },
  "alpha": 937.691043557264492847025394439697265625,
  "beta": 0.12110185293881954582406734743926790542900562286376953125,
  "setupType": "Multi Region Model Global Bidder",
  "population": 0,
  "id": 1,
  "worldId": 51,
  "implementation": "ch.uzh.ifi.ce.mweiss.specval.model.mrm.MRMGlobalBidder"
}