{
  "gammaValues": {
    "1": 0.96000,
    "2": 0.84000,
    "3": 0.64000,
    "4": 0.36000
  },
  "qualityFunction": {
    "linearFunctions": {
      "-0.1496007366603224031376129232739913277328014373779296875": {
        "slope": 338.1227039503,
        "yIntercept": 50.85340559254501615135025771319288168115235748700797557830810546875
      },
      "0.4503992633396775968623870767260086722671985626220703125": {
        "slope": 0.7666666667,
        "yIntercept": 0.38469389811123386696084732128131378203761414624750614166259765625
      },
      "1.1503992633396775968623870767260086722671985626220703125": {
        "slope": 0.3857142858,
        "yIntercept": 0.55627456981609013292396404781747776269185123965144157409667968750
      }
    },
    "lowestX": -0.1503992633396775968623870767260086722671985626220703125
  },
  "alpha": 1218.00048473293054485111497342586517333984375,
  "beta": 0.1503992633396775968623870767260086722671985626220703125,
  "setupType": "Multi Region Model Global Bidder",
  "population": 0,
  "id": 0,
  "worldId": 51,
  "implementation": "ch.uzh.ifi.ce.mweiss.specval.model.mrm.MRMGlobalBidder"
}