{
  "gammaValues": {
    "1": 0.96000,
    "2": 0.84000,
    "3": 0.64000,
    "4": 0.36000
  },
  "qualityFunction": {
    "linearFunctions": {
      "-0.1487705719563232886759607254134607501327991485595703125": {
        "slope": -109.8071584541,
        "yIntercept": -16.33607376811492281591276443497573467311667627654969692230224609375
      },
      "0.4487705719563232886759607254134607501327991485595703125": {
        "slope": 1.2216731977,
        "yIntercept": 0.18174902036553941681174113853547424923817743547260761260986328125
      },
      "1.1487705719563232886759607254134607501327991485595703125": {
        "slope": 0.3857142858,
        "yIntercept": 0.55690277934980925391444458116829707705619512125849723815917968750
      }
    },
    "lowestX": -0.1512294280436767113240392745865392498672008514404296875
  },
  "alpha": 1077.31569902566616292460821568965911865234375,
  "beta": 0.1487705719563232886759607254134607501327991485595703125,
  "setupType": "Multi Region Model Global Bidder",
  "population": 0,
  "id": 0,
  "worldId": 51,
  "implementation": "ch.uzh.ifi.ce.mweiss.specval.model.mrm.MRMGlobalBidder"
}