{
  "gammaValues": {
    "1": 0.96000,
    "2": 0.84000,
    "3": 0.64000,
    "4": 0.36000
  },
  "qualityFunction": {
    "linearFunctions": {
      "-0.1455231431660229113322913008232717402279376983642578125": {
        "slope": -30.1550853660,
        "yIntercept": -4.38826280489993959806290703129505459401116240769624710083007812500
      },
      "0.4455231431660229113322913008232717402279376983642578125": {
        "slope": 1.2350978543,
        "yIntercept": 0.17973532187534660645115213994937874986135284416377544403076171875
      },
      "1.1455231431660229113322913008232717402279376983642578125": {
        "slope": 0.3857142858,
        "yIntercept": 0.55815535902634632192902853442539878869865788146853446960449218750
      }
    },
    "lowestX": -0.1544768568339770886677086991767282597720623016357421875
  },
  "alpha": 854.8017588980748087124084122478961944580078125,
  "beta": 0.1455231431660229113322913008232717402279376983642578125,
  "setupType": "Multi Region Model Global Bidder",
  "population": 0,
  "id": 1,
  "worldId": 51,
  "implementation": "ch.uzh.ifi.ce.mweiss.specval.model.mrm.MRMGlobalBidder"
}