{
  "gammaValues": {
    "1": 0.96000,
    "2": 0.84000,
    "3": 0.64000,
    "4": 0.36000
  },
  "qualityFunction": {
    "linearFunctions": {
      "-0.124610609587668130782134312539710663259029388427734375": {
        "slope": 5.3171816183,
        "yIntercept": 0.9325772427452932726445150313221432725185877643525600433349609375
      },
      "0.475389390412331869217865687460289336740970611572265625": {
        "slope": 0.7666666667,
        "yIntercept": 0.3655348006880325872525585773065159855832462199032306671142578125
      },
      "1.175389390412331869217865687460289336740970611572265625": {
        "slope": 0.3857142858,
        "yIntercept": 0.5466355208002100455520519317609284826176008209586143493652343750
      }
    },
    "lowestX": -0.175389390412331869217865687460289336740970611572265625
  },
  "alpha": 1021.0914380430484698081272654235363006591796875,
  "beta": 0.175389390412331869217865687460289336740970611572265625,
  "setupType": "Multi Region Model Global Bidder",
  "population": 0,
  "id": 0,
  "worldId": 99,
  "implementation": "ch.uzh.ifi.ce.mweiss.specval.model.mrm.MRMGlobalBidder"
}