{
  "gammaValues": {
    "1": 0.96000,
    "2": 0.84000,
    "3": 0.64000,
    "4": 0.36000
  },
  "qualityFunction": {
    "linearFunctions": {
      "-0.12508393093263669992865061431075446307659149169921875": {
        "slope": -5.4181901501,
        "yIntercept": -0.677728522514999125824815868757156067658797837793827056884765625
      },
      "0.42508393093263669992865061431075446307659149169921875": {
        "slope": 1.3268677628,
        "yIntercept": 0.165969835598817375539503560233356438402552157640457153320312500
      },
      "1.12508393093263669992865061431075446307659149169921875": {
        "slope": 0.3857142858,
        "yIntercept": 0.566039055175261507376151617343396083015250042080879211425781250
      }
    },
    "lowestX": -0.17491606906736330007134938568924553692340850830078125
  },
  "alpha": 1232.1881831345390310161747038364410400390625,
  "beta": 0.12508393093263669992865061431075446307659149169921875,
  "setupType": "Multi Region Model Global Bidder",
  "population": 0,
  "id": 0,
  "worldId": 99,
  "implementation": "ch.uzh.ifi.ce.mweiss.specval.model.mrm.MRMGlobalBidder"
}