{
  "gammaValues": {
    "1": 0.96000,
    "2": 0.84000,
    "3": 0.64000,
    "4": 0.36000
  },
  "qualityFunction": {
    "linearFunctions": {
      "-0.1215063882171685649691283970241784118115901947021484375": {
        "slope": 4.7379040969,
        "yIntercept": 0.84568561453635516911487274571701533432133146561682224273681640625
      },
      "0.4784936117828314350308716029758215881884098052978515625": {
        "slope": 0.7666666667,
        "yIntercept": 0.36315489763721277941690405655084106228969176299870014190673828125
      },
      "1.1784936117828314350308716029758215881884098052978515625": {
        "slope": 0.3857142858,
        "yIntercept": 0.54543817827132270833527825870667982144368579611182212829589843750
      }
    },
    "lowestX": -0.1784936117828314350308716029758215881884098052978515625
  },
  "alpha": 841.7776499902773821304435841739177703857421875,
  "beta": 0.1784936117828314350308716029758215881884098052978515625,
  "setupType": "Multi Region Model Global Bidder",
  "population": 0,
  "id": 1,
  "worldId": 99,
  "implementation": "ch.uzh.ifi.ce.mweiss.specval.model.mrm.MRMGlobalBidder"
}