{
  "gammaValues": {
    "1": 0.96000,
    "2": 0.84000,
    "3": 0.64000,
    "4": 0.36000
  },
  "qualityFunction": {
    "linearFunctions": {
      "-0.1157271619430099429681746414644294418394565582275390625": {
        "slope": -3.9389793099,
        "yIntercept": -0.45584689648303715171838109310176179178597521968185901641845703125
      },
      "0.4157271619430099429681746414644294418394565582275390625": {
        "slope": 1.3735893514,
        "yIntercept": 0.15896159731266179132540599661105318318732315674424171447753906250
      },
      "1.1157271619430099429681746414644294418394565582275390625": {
        "slope": 0.3857142858,
        "yIntercept": 0.56964809464349097954573178603787653173640137538313865661621093750
      }
    },
    "lowestX": -0.1842728380569900570318253585355705581605434417724609375
  },
  "alpha": 1232.138578726406194618903100490570068359375,
  "beta": 0.1157271619430099429681746414644294418394565582275390625,
  "setupType": "Multi Region Model Global Bidder",
  "population": 0,
  "id": 1,
  "worldId": 99,
  "implementation": "ch.uzh.ifi.ce.mweiss.specval.model.mrm.MRMGlobalBidder"
}