{
  "gammaValues": {
    "1": 0.96000,
    "2": 0.84000,
    "3": 0.64000,
    "4": 0.36000
  },
  "qualityFunction": {
    "linearFunctions": {
      "-0.10476868156090442252281746959852171130478382110595703125": {
        "slope": -2.9846576367,
        "yIntercept": -0.312698645502256139158469359362602091323424247093498706817626953125
      },
      "0.40476868156090442252281746959852171130478382110595703125": {
        "slope": 1.4326721706,
        "yIntercept": 0.150099174422761135114904432197313610686251195147633552551269531250
      },
      "1.10476868156090442252281746959852171130478382110595703125": {
        "slope": 0.3857142858,
        "yIntercept": 0.573874937077528121464550025510042985388281522318720817565917968750
      }
    },
    "lowestX": -0.19523131843909557747718253040147828869521617889404296875
  },
  "alpha": 1347.193982412574086993117816746234893798828125,
  "beta": 0.10476868156090442252281746959852171130478382110595703125,
  "setupType": "Multi Region Model Global Bidder",
  "population": 0,
  "id": 0,
  "worldId": 1,
  "implementation": "ch.uzh.ifi.ce.mweiss.specval.model.mrm.MRMGlobalBidder"
}