{
  "gammaValues": {
    "1": 0.96000,
    "2": 0.84000,
    "3": 0.64000,
    "4": 0.36000
  },
  "qualityFunction": {
    "linearFunctions": {
      "-0.119093983297597183490523775617475621402263641357421875": {
        "slope": -4.3680815065,
        "yIntercept": -0.5202122259723458569085559777267491199381765909492969512939453125
      },
      "0.419093983297597183490523775617475621402263641357421875": {
        "slope": 1.3564034229,
        "yIntercept": 0.1615394865916562490319458189613754939273349009454250335693359375
      },
      "1.119093983297597183490523775617475621402263641357421875": {
        "slope": 0.3857142858,
        "yIntercept": 0.5683494635492901735138610708197859366919146850705146789550781250
      }
    },
    "lowestX": -0.180906016702402816509476224382524378597736358642578125
  },
  "alpha": 899.2802895874787054708576761186122894287109375,
  "beta": 0.119093983297597183490523775617475621402263641357421875,
  "setupType": "Multi Region Model Global Bidder",
  "population": 0,
  "id": 0,
  "worldId": 1,
  "implementation": "ch.uzh.ifi.ce.mweiss.specval.model.mrm.MRMGlobalBidder"
}