{
  "gammaValues": {
    "1": 0.96000,
    "2": 0.84000,
    "3": 0.64000,
    "4": 0.36000
  },
  "qualityFunction": {
    "linearFunctions": {
      "-0.11149155267246946277026609095628373324871063232421875": {
        "slope": -3.5057243116,
        "yIntercept": -0.390858646738091852357687079333459223562385886907577514648437500
      },
      "0.41149155267246946277026609095628373324871063232421875": {
        "slope": 1.3958385894,
        "yIntercept": 0.155624211612355575127824036663071183284046128392219543457031250
      },
      "1.11149155267246946277026609095628373324871063232421875": {
        "slope": 0.3857142858,
        "yIntercept": 0.571281829648205359845257125250839180807815864682197570800781250
      }
    },
    "lowestX": -0.18850844732753053722973390904371626675128936767578125
  },
  "alpha": 879.9711439492375575355254113674163818359375,
  "beta": 0.11149155267246946277026609095628373324871063232421875,
  "setupType": "Multi Region Model Global Bidder",
  "population": 0,
  "id": 0,
  "worldId": 55,
  "implementation": "ch.uzh.ifi.ce.mweiss.specval.model.mrm.MRMGlobalBidder"
}