{
  "gammaValues": {
    "1": 0.96000,
    "2": 0.84000,
    "3": 0.64000,
    "4": 0.36000
  },
  "qualityFunction": {
    "linearFunctions": {
      "-0.11491424062639084002768186110188253223896026611328125": {
        "slope": 3.8477149251,
        "yIntercept": 0.712157238765303191879562005883741448997170664370059967041015625
      },
      "0.48508575937360915997231813889811746776103973388671875": {
        "slope": 0.7666666667,
        "yIntercept": 0.358100917817396785375435788179032670086598955094814300537109375
      },
      "1.18508575937360915997231813889811746776103973388671875": {
        "slope": 0.3857142858,
        "yIntercept": 0.542895492771457687492939361284527421958046033978462219238281250
      }
    },
    "lowestX": -0.18508575937360915997231813889811746776103973388671875
  },
  "alpha": 1115.742269965869809311698190867900848388671875,
  "beta": 0.18508575937360915997231813889811746776103973388671875,
  "setupType": "Multi Region Model Global Bidder",
  "population": 0,
  "id": 1,
  "worldId": 55,
  "implementation": "ch.uzh.ifi.ce.mweiss.specval.model.mrm.MRMGlobalBidder"
}