{
  "gammaValues": {
    "1": 0.96000,
    "2": 0.84000,
    "3": 0.64000,
    "4": 0.36000
  },
  "qualityFunction": {
    "linearFunctions": {
      "-0.138586058395758104921924314112402498722076416015625": {
        "slope": -11.8276406767,
        "yIntercept": -1.6391461015048098914917415047654003501520492136478424072265625
      },
      "0.438586058395758104921924314112402498722076416015625": {
        "slope": 1.2647873638,
        "yIntercept": 0.1752818954578037506266844580693486932432278990745544433593750
      },
      "1.138586058395758104921924314112402498722076416015625": {
        "slope": 0.3857142858,
        "yIntercept": 0.5608310917240430688104784984204798092832788825035095214843750
      }
    },
    "lowestX": -0.161413941604241895078075685887597501277923583984375
  },
  "alpha": 1310.46387996016665056231431663036346435546875,
  "beta": 0.138586058395758104921924314112402498722076416015625,
  "setupType": "Multi Region Model Global Bidder",
  "population": 0,
  "id": 1,
  "worldId": 55,
  "implementation": "ch.uzh.ifi.ce.mweiss.specval.model.mrm.MRMGlobalBidder"
}