{
  "gammaValues": {
    "1": 0.96000,
    "2": 0.84000,
    "3": 0.64000,
    "4": 0.36000
  },
  "qualityFunction": {
    "linearFunctions": {
      "-0.1360330841026418102757133965496905148029327392578125": {
        "slope": -9.6656986404,
        "yIntercept": -1.31485479605967620036984227382959034002851694822311401367187500
      },
      "0.4360330841026418102757133965496905148029327392578125": {
        "slope": 1.2760761615,
        "yIntercept": 0.17358857579870583326604360774325641614268533885478973388671875
      },
      "1.1360330841026418102757133965496905148029327392578125": {
        "slope": 0.3857142858,
        "yIntercept": 0.56181581038017818025628410616434393887175247073173522949218750
      }
    },
    "lowestX": -0.1639669158973581897242866034503094851970672607421875
  },
  "alpha": 1159.52604196731181218638084828853607177734375,
  "beta": 0.1360330841026418102757133965496905148029327392578125,
  "setupType": "Multi Region Model Global Bidder",
  "population": 0,
  "id": 0,
  "worldId": 55,
  "implementation": "ch.uzh.ifi.ce.mweiss.specval.model.mrm.MRMGlobalBidder"
}