{
  "gammaValues": {
    "1": 0.96000,
    "2": 0.84000,
    "3": 0.64000,
    "4": 0.36000
  },
  "qualityFunction": {
    "linearFunctions": {
      "-0.1301310737754846458269497588844387792050838470458984375": {
        "slope": 6.7945292300,
        "yIntercept": 1.15417938450118311651259234151822852254554163664579391479492187500
      },
      "0.4698689262245153541730502411155612207949161529541015625": {
        "slope": 0.7666666667,
        "yIntercept": 0.36976715656554259759317763667230138935337890870869159698486328125
      },
      "1.1698689262245153541730502411155612207949161529541015625": {
        "slope": 0.3857142858,
        "yIntercept": 0.54876484270169816971400787664059350845491280779242515563964843750
      }
    },
    "lowestX": -0.1698689262245153541730502411155612207949161529541015625
  },
  "alpha": 1257.563541282734149717725813388824462890625,
  "beta": 0.1698689262245153541730502411155612207949161529541015625,
  "setupType": "Multi Region Model Global Bidder",
  "population": 0,
  "id": 2,
  "worldId": 55,
  "implementation": "ch.uzh.ifi.ce.mweiss.specval.model.mrm.MRMGlobalBidder"
}