{
  "gammaValues": {
    "1": 0.96000,
    "2": 0.84000,
    "3": 0.64000,
    "4": 0.36000
  },
  "qualityFunction": {
    "linearFunctions": {
      "-0.1465872911994940519520014277077279984951019287109375": {
        "slope": 39.5580191255,
        "yIntercept": 6.06870286882517645695923691473439021137892268598079681396484375
      },
      "0.4534127088005059480479985722922720015048980712890625": {
        "slope": 0.7666666667,
        "yIntercept": 0.38238358992449834953651756297432484643650241196155548095703125
      },
      "1.1534127088005059480479985722922720015048980712890625": {
        "slope": 0.3857142858,
        "yIntercept": 0.55511224085236947357001432656886663608020171523094177246093750
      }
    },
    "lowestX": -0.1534127088005059480479985722922720015048980712890625
  },
  "alpha": 830.6372843830100691775442101061344146728515625,
  "beta": 0.1534127088005059480479985722922720015048980712890625,
  "setupType": "Multi Region Model Global Bidder",
  "population": 0,
  "id": 0,
  "worldId": 23,
  "implementation": "ch.uzh.ifi.ce.mweiss.specval.model.mrm.MRMGlobalBidder"
}