{
  "gammaValues": {
    "1": 0.96000,
    "2": 0.84000,
    "3": 0.64000,
    "4": 0.36000
  },
  "qualityFunction": {
    "linearFunctions": {
      "-0.13438734280934567788534650389919988811016082763671875": {
        "slope": 8.6468304756,
        "yIntercept": 1.432024571341245271965844887418484177032951265573501586914062500
      },
      "0.46561265719065432211465349610080011188983917236328125": {
        "slope": 0.7666666667,
        "yIntercept": 0.373030296158311264472410508918898131014429964125156402587890625
      },
      "1.16561265719065432211465349610080011188983917236328125": {
        "slope": 0.3857142858,
        "yIntercept": 0.550406546472266533710863281037006800033850595355033874511718750
      }
    },
    "lowestX": -0.16561265719065432211465349610080011188983917236328125
  },
  "alpha": 898.923687178312320611439645290374755859375,
  "beta": 0.16561265719065432211465349610080011188983917236328125,
  "setupType": "Multi Region Model Global Bidder",
  "population": 0,
  "id": 0,
  "worldId": 23,
  "implementation": "ch.uzh.ifi.ce.mweiss.specval.model.mrm.MRMGlobalBidder"
}