{
  "gammaValues": {
    "1": 0.96000,
    "2": 0.84000,
    "3": 0.64000,
    "4": 0.36000
  },
  "qualityFunction": {
    "linearFunctions": {
      "-0.113091824299889787130979357243631966412067413330078125": {
        "slope": -3.6577261660,
        "yIntercept": -0.4136589248976184946948467358041057195805478841066360473632812500
      },
      "0.413091824299889787130979357243631966412067413330078125": {
        "slope": 1.3873483183,
        "yIntercept": 0.1568977522559311710515091931039677319859038107097148895263671875
      },
      "1.113091824299889787130979357243631966412067413330078125": {
        "slope": 0.3857142858,
        "yIntercept": 0.5706645820203489257380602661662294394773198291659355163574218750
      }
    },
    "lowestX": -0.186908175700110212869020642756368033587932586669921875
  },
  "alpha": 849.732231145313335218816064298152923583984375,
  "beta": 0.113091824299889787130979357243631966412067413330078125,
  "setupType": "Multi Region Model Global Bidder",
  "population": 0,
  "id": 1,
  "worldId": 23,
  "implementation": "ch.uzh.ifi.ce.mweiss.specval.model.mrm.MRMGlobalBidder"
}