{
  "gammaValues": {
    "1": 0.96000,
    "2": 0.84000,
    "3": 0.64000,
    "4": 0.36000
  },
  "qualityFunction": {
    "linearFunctions": {
      "-0.1270551782152522068969346946687437593936920166015625": {
        "slope": 5.8836804778,
        "yIntercept": 1.01755207167152074407713882031600860500475391745567321777343750
      },
      "0.4729448217847477931030653053312562406063079833984375": {
        "slope": 0.7666666667,
        "yIntercept": 0.36740896996926186456149167280926803869078867137432098388671875
      },
      "1.1729448217847477931030653053312562406063079833984375": {
        "slope": 0.3857142858,
        "yIntercept": 0.54757842584248772365012499996339556673774495720863342285156250
      }
    },
    "lowestX": -0.1729448217847477931030653053312562406063079833984375
  },
  "alpha": 1213.72664924022637933376245200634002685546875,
  "beta": 0.1729448217847477931030653053312562406063079833984375,
  "setupType": "Multi Region Model Global Bidder",
  "population": 0,
  "id": 1,
  "worldId": 23,
  "implementation": "ch.uzh.ifi.ce.mweiss.specval.model.mrm.MRMGlobalBidder"
}