{
  "gammaValues": {
    "1": 0.96000,
    "2": 0.84000,
    "3": 0.64000,
    "4": 0.36000
  },
  "qualityFunction": {
    "linearFunctions": {
      "-0.141597205602254316847421478087198920547962188720703125": {
        "slope": 16.0660839252,
        "yIntercept": 2.5449125887803825352153342498340293786895927041769027709960937500
      },
      "0.458402794397745683152578521912801079452037811279296875": {
        "slope": 0.7666666667,
        "yIntercept": 0.3785578576331148831030982770950998883563443087041378021240234375
      },
      "1.158402794397745683152578521912801079452037811279296875": {
        "slope": 0.3857142858,
        "yIntercept": 0.5531874935501492826927700829919842817616881802678108215332031250
      }
    },
    "lowestX": -0.158402794397745683152578521912801079452037811279296875
  },
  "alpha": 1256.789986906204148908727802336215972900390625,
  "beta": 0.158402794397745683152578521912801079452037811279296875,
  "setupType": "Multi Region Model Global Bidder",
  "population": 0,
  "id": 0,
  "worldId": 23,
  "implementation": "ch.uzh.ifi.ce.mweiss.specval.model.mrm.MRMGlobalBidder"
}