{
  "gammaValues": {
    "1": 0.96000,
    "2": 0.84000,
    "3": 0.64000,
    "4": 0.36000
  },
  "qualityFunction": {
    "linearFunctions": {
      "-0.131685739900906428889726385023095645010471343994140625": {
        "slope": -7.3713051616,
        "yIntercept": -0.9706957742393333682065365408675461367238312959671020507812500000
      },
      "0.431685739900906428889726385023095645010471343994140625": {
        "slope": 1.2957702443,
        "yIntercept": 0.1706344633622237811538813356815325050774845294654369354248046875
      },
      "1.131685739900906428889726385023095645010471343994140625": {
        "slope": 0.3857142858,
        "yIntercept": 0.5634926431440773140081707004434008467796957120299339294433593750
      }
    },
    "lowestX": -0.168314260099093571110273614976904354989528656005859375
  },
  "alpha": 1335.388290484681647285469807684421539306640625,
  "beta": 0.131685739900906428889726385023095645010471343994140625,
  "setupType": "Multi Region Model Global Bidder",
  "population": 0,
  "id": 0,
  "worldId": 75,
  "implementation": "ch.uzh.ifi.ce.mweiss.specval.model.mrm.MRMGlobalBidder"
}