{
  "gammaValues": {
    "1": 0.96000,
    "2": 0.84000,
    "3": 0.64000,
    "4": 0.36000
  },
  "qualityFunction": {
    "linearFunctions": {
      "-0.116172445069346885748728936960105784237384796142578125": {
        "slope": 3.9908293780,
        "yIntercept": 0.7336244067031592010811630322208998222777154296636581420898437500
      },
      "0.483827554930653114251271063039894215762615203857421875": {
        "slope": 0.7666666667,
        "yIntercept": 0.3590655412237050272430037478610387324806652031838893890380859375
      },
      "1.183827554930653114251271063039894215762615203857421875": {
        "slope": 0.3857142858,
        "yIntercept": 0.5433808001995628655090251801773604256595717743039131164550781250
      }
    },
    "lowestX": -0.183827554930653114251271063039894215762615203857421875
  },
  "alpha": 834.635130443397656563320197165012359619140625,
  "beta": 0.183827554930653114251271063039894215762615203857421875,
  "setupType": "Multi Region Model Global Bidder",
  "population": 0,
  "id": 2,
  "worldId": 75,
  "implementation": "ch.uzh.ifi.ce.mweiss.specval.model.mrm.MRMGlobalBidder"
}