{
  "gammaValues": {
    "1": 0.96000,
    "2": 0.84000,
    "3": 0.64000,
    "4": 0.36000
  },
  "qualityFunction": {
    "linearFunctions": {
      "-0.1444876450594811512218029747600667178630828857421875": {
        "slope": 24.4904403757,
        "yIntercept": 3.80856605635547218602443904078569403282017447054386138916015625
      },
      "0.4555123549405188487781970252399332821369171142578125": {
        "slope": 0.7666666667,
        "yIntercept": 0.38077386121708513743869831902344458285369910299777984619140625
      },
      "1.1555123549405188487781970252399332821369171142578125": {
        "slope": 0.3857142858,
        "yIntercept": 0.55430237734104167076207953179789456044090911746025085449218750
      }
    },
    "lowestX": -0.1555123549405188487781970252399332821369171142578125
  },
  "alpha": 838.6134552373645192346884869039058685302734375,
  "beta": 0.1555123549405188487781970252399332821369171142578125,
  "setupType": "Multi Region Model Global Bidder",
  "population": 0,
  "id": 1,
  "worldId": 75,
  "implementation": "ch.uzh.ifi.ce.mweiss.specval.model.mrm.MRMGlobalBidder"
}