{
  "gammaValues": {
    "1": 0.96000,
    "2": 0.84000,
    "3": 0.64000,
    "4": 0.36000
  },
  "qualityFunction": {
    "linearFunctions": {
      "-0.12100344610358721997300790462759323418140411376953125": {
        "slope": 4.6557256591,
        "yIntercept": 0.833358848866005063416831089018188549744081683456897735595703125
      },
      "0.47899655389641278002699209537240676581859588623046875": {
        "slope": 0.7666666667,
        "yIntercept": 0.362769308683450316849425634213588409693329595029354095458984375
      },
      "1.17899655389641278002699209537240676581859588623046875": {
        "slope": 0.3857142858,
        "yIntercept": 0.545244186313183937369896239211186639295192435383796691894531250
      }
    },
    "lowestX": -0.17899655389641278002699209537240676581859588623046875
  },
  "alpha": 826.732629161537488471367396414279937744140625,
  "beta": 0.17899655389641278002699209537240676581859588623046875,
  "setupType": "Multi Region Model Global Bidder",
  "population": 0,
  "id": 1,
  "worldId": 75,
  "implementation": "ch.uzh.ifi.ce.mweiss.specval.model.mrm.MRMGlobalBidder"
}