{
  "gammaValues": {
    "1": 0.96000,
    "2": 0.84000,
    "3": 0.64000,
    "4": 0.36000
  },
  "qualityFunction": {
    "linearFunctions": {
      "-0.10513210126722072335070379267563112080097198486328125": {
        "slope": -3.0088326802,
        "yIntercept": -0.316324902029090454555719182927475685573881492018699645996093750
      },
      "0.40513210126722072335070379267563112080097198486328125": {
        "slope": 1.4306314188,
        "yIntercept": 0.150405287197349261379979656894079198536928743124008178710937500
      },
      "1.10513210126722072335070379267563112080097198486328125": {
        "slope": 0.3857142858,
        "yIntercept": 0.573734760905060683741823903680767671175999566912651062011718750
      }
    },
    "lowestX": -0.19486789873277927664929620732436887919902801513671875
  },
  "alpha": 1057.365763567866679295548237860202789306640625,
  "beta": 0.10513210126722072335070379267563112080097198486328125,
  "setupType": "Multi Region Model Global Bidder",
  "population": 0,
  "id": 0,
  "worldId": 75,
  "implementation": "ch.uzh.ifi.ce.mweiss.specval.model.mrm.MRMGlobalBidder"
}