{
  "gammaValues": {
    "1": 0.96000,
    "2": 0.84000,
    "3": 0.64000,
    "4": 0.36000
  },
  "qualityFunction": {
    "linearFunctions": {
      "-0.1483458157921756892516640391477267257869243621826171875": {
        "slope": 81.6112252563,
        "yIntercept": 12.37668378844516399741773532150457270972765400074422359466552734375
      },
      "0.4516541842078243107483359608522732742130756378173828125": {
        "slope": 0.7666666667,
        "yIntercept": 0.38373179211227955561934828632164595774156623519957065582275390625
      },
      "1.1516541842078243107483359608522732742130756378173828125": {
        "slope": 0.3857142858,
        "yIntercept": 0.55579052890969740720782833132140865473047597333788871765136718750
      }
    },
    "lowestX": -0.1516541842078243107483359608522732742130756378173828125
  },
  "alpha": 1197.0820618267689496860839426517486572265625,
  "beta": 0.1516541842078243107483359608522732742130756378173828125,
  "setupType": "Multi Region Model Global Bidder",
  "population": 0,
  "id": 0,
  "worldId": 17,
  "implementation": "ch.uzh.ifi.ce.mweiss.specval.model.mrm.MRMGlobalBidder"
}