{
  "gammaValues": {
    "1": 0.96000,
    "2": 0.84000,
    "3": 0.64000,
    "4": 0.36000
  },
  "qualityFunction": {
    "linearFunctions": {
      "-0.141225541801144049980365480223554186522960662841796875": {
        "slope": -15.3855653466,
        "yIntercept": -2.1728348019895083563873104570696170867449836805462837219238281250
      },
      "0.441225541801144049980365480223554186522960662841796875": {
        "slope": 1.2533241341,
        "yIntercept": 0.1770013798907222208310086875027167252483195625245571136474609375
      },
      "1.141225541801144049980365480223554186522960662841796875": {
        "slope": 0.3857142858,
        "yIntercept": 0.5598130052674536771389038247725977726076962426304817199707031250
      }
    },
    "lowestX": -0.158774458198855950019634519776445813477039337158203125
  },
  "alpha": 1002.7739399406333404840552248060703277587890625,
  "beta": 0.141225541801144049980365480223554186522960662841796875,
  "setupType": "Multi Region Model Global Bidder",
  "population": 0,
  "id": 1,
  "worldId": 17,
  "implementation": "ch.uzh.ifi.ce.mweiss.specval.model.mrm.MRMGlobalBidder"
}