{
  "gammaValues": {
    "1": 0.96000,
    "2": 0.84000,
    "3": 0.64000,
    "4": 0.36000
  },
  "qualityFunction": {
    "linearFunctions": {
      "-0.135866333283544482579685563905513845384120941162109375": {
        "slope": 9.5516614838,
        "yIntercept": 1.5677492225704341813996173349288199005968635901808738708496093750
      },
      "0.464133666716455517420314436094486154615879058837890625": {
        "slope": 0.7666666667,
        "yIntercept": 0.3741641888552463144205437484135501335913431830704212188720703125
      },
      "1.164133666716455517420314436094486154615879058837890625": {
        "slope": 0.3857142858,
        "yIntercept": 0.5509770142267271289907539588703855315543478354811668395996093750
      }
    },
    "lowestX": -0.164133666716455517420314436094486154615879058837890625
  },
  "alpha": 1195.89628831847176115843467414379119873046875,
  "beta": 0.164133666716455517420314436094486154615879058837890625,
  "setupType": "Multi Region Model Global Bidder",
  "population": 0,
  "id": 1,
  "worldId": 17,
  "implementation": "ch.uzh.ifi.ce.mweiss.specval.model.mrm.MRMGlobalBidder"
}