{
  "gammaValues": {
    "1": 0.96000,
    "2": 0.84000,
    "3": 0.64000,
    "4": 0.36000
  },
  "qualityFunction": {
    "linearFunctions": {
      "-0.10620739997152610356589974571761558763682842254638671875": {
        "slope": -3.0827126024,
        "yIntercept": -0.327406890359639079376833274981350996313267387449741363525390625000
      },
      "0.40620739997152610356589974571761558763682842254638671875": {
        "slope": 1.4246270797,
        "yIntercept": 0.151305938063965096075407511244659275462254299782216548919677734375
      },
      "1.10620739997152610356589974571761558763682842254638671875": {
        "slope": 0.3857142858,
        "yIntercept": 0.573320002833307868627022146346128295135713415220379829406738281250
      }
    },
    "lowestX": -0.19379260002847389643410025428238441236317157745361328125
  },
  "alpha": 916.2781145498347541433759033679962158203125,
  "beta": 0.10620739997152610356589974571761558763682842254638671875,
  "setupType": "Multi Region Model Global Bidder",
  "population": 0,
  "id": 0,
  "worldId": 17,
  "implementation": "ch.uzh.ifi.ce.mweiss.specval.model.mrm.MRMGlobalBidder"
}