{
  "gammaValues": {
    "1": 0.96000,
    "2": 0.84000,
    "3": 0.64000,
    "4": 0.36000
  },
  "qualityFunction": {
    "linearFunctions": {
      "-0.121196697154876298352377261835499666631221771240234375": {
        "slope": -4.6869624891,
        "yIntercept": -0.5680443733622820964717476399652440477439085952937602996826171875
      },
      "0.421196697154876298352377261835499666631221771240234375": {
        "slope": 1.3458865976,
        "yIntercept": 0.1631170103741340614383635188033849772182293236255645751953125000
      },
      "1.121196697154876298352377261835499666631221771240234375": {
        "slope": 0.3857142858,
        "yIntercept": 0.5675384167755879965936650877189606489992002025246620178222656250
      }
    },
    "lowestX": -0.178803302845123701647622738164500333368778228759765625
  },
  "alpha": 1320.372435493147577290073968470096588134765625,
  "beta": 0.121196697154876298352377261835499666631221771240234375,
  "setupType": "Multi Region Model Global Bidder",
  "population": 0,
  "id": 0,
  "worldId": 17,
  "implementation": "ch.uzh.ifi.ce.mweiss.specval.model.mrm.MRMGlobalBidder"
}