{
  "gammaValues": {
    "1": 0.96000,
    "2": 0.84000,
    "3": 0.64000,
    "4": 0.36000
  },
  "qualityFunction": {
    "linearFunctions": {
      "-0.140702466270997039732293387714889831840991973876953125": {
        "slope": 14.5199795919,
        "yIntercept": 2.3129969387851248882217865709964854659119737334549427032470703125
      },
      "0.459297533729002960267706612285110168159008026123046875": {
        "slope": 0.7666666667,
        "yIntercept": 0.3778718908124544793371248319058253173352568410336971282958984375
      },
      "1.159297533729002960267706612285110168159008026123046875": {
        "slope": 0.3857142858,
        "yIntercept": 0.5528423798080162124342557672385112255142303183674812316894531250
      }
    },
    "lowestX": -0.159297533729002960267706612285110168159008026123046875
  },
  "alpha": 1222.1176799023714920622296631336212158203125,
  "beta": 0.159297533729002960267706612285110168159008026123046875,
  "setupType": "Multi Region Model Global Bidder",
  "population": 0,
  "id": 3,
  "worldId": 17,
  "implementation": "ch.uzh.ifi.ce.mweiss.specval.model.mrm.MRMGlobalBidder"
}