{
  "gammaValues": {
    "1": 0.96000,
    "2": 0.84000,
    "3": 0.64000,
    "4": 0.36000
  },
  "qualityFunction": {
    "linearFunctions": {
      "-0.12130746419275835190632051308057270944118499755859375": {
        "slope": 4.7050564268,
        "yIntercept": 0.840758464021051442343790638389577907219063490629196166992187500
      },
      "0.47869253580724164809367948691942729055881500244140625": {
        "slope": 0.7666666667,
        "yIntercept": 0.363002389218491651934604338425316427674260921776294708251953125
      },
      "1.17869253580724164809367948691942729055881500244140625": {
        "slope": 0.3857142858,
        "yIntercept": 0.545361450433318861237531485208762660477077588438987731933593750
      }
    },
    "lowestX": -0.17869253580724164809367948691942729055881500244140625
  },
  "alpha": 1063.45180300366473602480255067348480224609375,
  "beta": 0.17869253580724164809367948691942729055881500244140625,
  "setupType": "Multi Region Model Global Bidder",
  "population": 0,
  "id": 2,
  "worldId": 17,
  "implementation": "ch.uzh.ifi.ce.mweiss.specval.model.mrm.MRMGlobalBidder"
}