{
  "gammaValues": {
    "1": 0.96000,
    "2": 0.84000,
    "3": 0.64000,
    "4": 0.36000
  },
  "qualityFunction": {
    "linearFunctions": {
      "-0.13701522305402009660468820584355853497982025146484375": {
        "slope": 10.3967900690,
        "yIntercept": 1.694518510350144009093957042644262855901615694165229797363281250
      },
      "0.46298477694597990339531179415644146502017974853515625": {
        "slope": 0.7666666667,
        "yIntercept": 0.375045004345982581498728294366884483679314143955707550048828125
      },
      "1.16298477694597990339531179415644146502017974853515625": {
        "slope": 0.3857142858,
        "yIntercept": 0.551420157424009056380724316248631566850235685706138610839843750
      }
    },
    "lowestX": -0.16298477694597990339531179415644146502017974853515625
  },
  "alpha": 1073.01364162749950992292724549770355224609375,
  "beta": 0.16298477694597990339531179415644146502017974853515625,
  "setupType": "Multi Region Model Global Bidder",
  "population": 0,
  "id": 1,
  "worldId": 83,
  "implementation": "ch.uzh.ifi.ce.mweiss.specval.model.mrm.MRMGlobalBidder"
}