{
  "gammaValues": {
    "1": 0.96000,
    "2": 0.84000,
    "3": 0.64000,
    "4": 0.36000
  },
  "qualityFunction": {
    "linearFunctions": {
      "-0.112096721476111060855629375510034151375293731689453125": {
        "slope": 3.5616971739,
        "yIntercept": 0.6692545760850797981879739373400894919541315175592899322509765625
      },
      "0.487903278523888939144370624489965848624706268310546875": {
        "slope": 0.7666666667,
        "yIntercept": 0.3559408198020883707051862232528804952380596660077571868896484375
      },
      "1.187903278523888939144370624489965848624706268310546875": {
        "slope": 0.3857142858,
        "yIntercept": 0.5418087353846796995994094214843528334313305094838142395019531250
      }
    },
    "lowestX": -0.187903278523888939144370624489965848624706268310546875
  },
  "alpha": 1374.3669907740159032982774078845977783203125,
  "beta": 0.187903278523888939144370624489965848624706268310546875,
  "setupType": "Multi Region Model Global Bidder",
  "population": 0,
  "id": 0,
  "worldId": 83,
  "implementation": "ch.uzh.ifi.ce.mweiss.specval.model.mrm.MRMGlobalBidder"
}