{
  "gammaValues": {
    "1": 0.96000,
    "2": 0.84000,
    "3": 0.64000,
    "4": 0.36000
  },
  "qualityFunction": {
    "linearFunctions": {
      "-0.11840056130545613399807081123071839101612567901611328125": {
        "slope": -4.2722277855,
        "yIntercept": -0.505834167822034151582030676863599438775054295547306537628173828125
      },
      "0.41840056130545613399807081123071839101612567901611328125": {
        "slope": 1.3599077373,
        "yIntercept": 0.161013839419952785329722079465941675380236119963228702545166015625
      },
      "1.11840056130545613399807081123071839101612567901611328125": {
        "slope": 0.3857142858,
        "yIntercept": 0.568616926317746871631705018468316836788289947435259819030761718750
      }
    },
    "lowestX": -0.18159943869454386600192918876928160898387432098388671875
  },
  "alpha": 1369.91781951601615219260565936565399169921875,
  "beta": 0.11840056130545613399807081123071839101612567901611328125,
  "setupType": "Multi Region Model Global Bidder",
  "population": 0,
  "id": 1,
  "worldId": 83,
  "implementation": "ch.uzh.ifi.ce.mweiss.specval.model.mrm.MRMGlobalBidder"
}