{
  "gammaValues": {
    "1": 0.96000,
    "2": 0.84000,
    "3": 0.64000,
    "4": 0.36000
  },
  "qualityFunction": {
    "linearFunctions": {
      "-0.11615089587857722885910760624028625898063182830810546875": {
        "slope": -3.9882887155,
        "yIntercept": -0.463243307322254979945960194631648931817835546098649501800537109375
      },
      "0.41615089587857722885910760624028625898063182830810546875": {
        "slope": 1.3714024851,
        "yIntercept": 0.159289627254472159509651608966240843301420682109892368316650390625
      },
      "1.11615089587857722885910760624028625898063182830810546875": {
        "slope": 0.3857142858,
        "yIntercept": 0.569484654411164420650466160833680362429731758311390876770019531250
      }
    },
    "lowestX": -0.18384910412142277114089239375971374101936817169189453125
  },
  "alpha": 1072.87493882475473583326674997806549072265625,
  "beta": 0.11615089587857722885910760624028625898063182830810546875,
  "setupType": "Multi Region Model Global Bidder",
  "population": 0,
  "id": 0,
  "worldId": 83,
  "implementation": "ch.uzh.ifi.ce.mweiss.specval.model.mrm.MRMGlobalBidder"
}