{
  "gammaValues": {
    "1": 0.96000,
    "2": 0.84000,
    "3": 0.64000,
    "4": 0.36000
  },
  "qualityFunction": {
    "linearFunctions": {
      "-0.132331075213636306653341989658656530082225799560546875": {
        "slope": 7.6405328357,
        "yIntercept": 1.2810799253567254066174661508714649471585289575159549713134765625
      },
      "0.467668924786363693346658010341343469917774200439453125": {
        "slope": 0.7666666667,
        "yIntercept": 0.3714538243348655376080167356267480727183283306658267974853515625
      },
      "1.167668924786363693346658010341343469917774200439453125": {
        "slope": 0.3857142858,
        "yIntercept": 0.5496134146851738104417435937243396892881719395518302917480468750
      }
    },
    "lowestX": -0.167668924786363693346658010341343469917774200439453125
  },
  "alpha": 1062.28554136929096785024739801883697509765625,
  "beta": 0.167668924786363693346658010341343469917774200439453125,
  "setupType": "Multi Region Model Global Bidder",
  "population": 0,
  "id": 1,
  "worldId": 107,
  "implementation": "ch.uzh.ifi.ce.mweiss.specval.model.mrm.MRMGlobalBidder"
}