{
  "gammaValues": {
    "1": 0.96000,
    "2": 0.84000,
    "3": 0.64000,
    "4": 0.36000
  },
  "qualityFunction": {
    "linearFunctions": {
      "-0.127116314592612023037787594148539938032627105712890625": {
        "slope": -5.8993994016,
        "yIntercept": -0.7499099102387472835099104528921998280566185712814331054687500000
      },
      "0.427116314592612023037787594148539938032627105712890625": {
        "slope": 1.3171364542,
        "yIntercept": 0.1674295318734847175402802643695565620873821899294853210449218750
      },
      "1.127116314592612023037787594148539938032627105712890625": {
        "slope": 0.3857142858,
        "yIntercept": 0.5652551357633825355774866117108956586889689788222312927246093750
      }
    },
    "lowestX": -0.172883685407387976962212405851460061967372894287109375
  },
  "alpha": 1358.915456626431478071026504039764404296875,
  "beta": 0.127116314592612023037787594148539938032627105712890625,
  "setupType": "Multi Region Model Global Bidder",
  "population": 0,
  "id": 0,
  "worldId": 107,
  "implementation": "ch.uzh.ifi.ce.mweiss.specval.model.mrm.MRMGlobalBidder"
}