{
  "gammaValues": {
    "1": 0.96000,
    "2": 0.84000,
    "3": 0.64000,
    "4": 0.36000
  },
  "qualityFunction": {
    "linearFunctions": {
      "-0.12240766380404950464111379915266297757625579833984375": {
        "slope": 4.8926629135,
        "yIntercept": 0.868899437027750657524376387552678124848171137273311614990234375
      },
      "0.47759233619595049535888620084733702242374420166015625": {
        "slope": 0.7666666667,
        "yIntercept": 0.363845875587184875684988896171745409446884877979755401611328125
      },
      "1.17759233619595049535888620084733702242374420166015625": {
        "slope": 0.3857142858,
        "yIntercept": 0.545785813140625465830490994356694045563926920294761657714843750
      }
    },
    "lowestX": -0.17759233619595049535888620084733702242374420166015625
  },
  "alpha": 835.8815258593070893766707740724086761474609375,
  "beta": 0.17759233619595049535888620084733702242374420166015625,
  "setupType": "Multi Region Model Global Bidder",
  "population": 0,
  "id": 1,
  "worldId": 107,
  "implementation": "ch.uzh.ifi.ce.mweiss.specval.model.mrm.MRMGlobalBidder"
}