{
  "gammaValues": {
    "1": 0.96000,
    "2": 0.84000,
    "3": 0.64000,
    "4": 0.36000
  },
  "qualityFunction": {
    "linearFunctions": {
      "-0.103654931093113022999574468485661782324314117431640625": {
        "slope": -2.9129312607,
        "yIntercept": -0.3019396891031666528262614479505288045402267016470432281494140625
      },
      "0.403654931093113022999574468485661782324314117431640625": {
        "slope": 1.4389627611,
        "yIntercept": 0.1491555858473761567698354812971928140541422180831432342529296875
      },
      "1.103654931093113022999574468485661782324314117431640625": {
        "slope": 0.3857142858,
        "yIntercept": 0.5743045265437716970350401601841383580904221162199974060058593750
      }
    },
    "lowestX": -0.196345068906886977000425531514338217675685882568359375
  },
  "alpha": 819.150828017151752646896056830883026123046875,
  "beta": 0.103654931093113022999574468485661782324314117431640625,
  "setupType": "Multi Region Model Global Bidder",
  "population": 0,
  "id": 0,
  "worldId": 107,
  "implementation": "ch.uzh.ifi.ce.mweiss.specval.model.mrm.MRMGlobalBidder"
}