{
  "gammaValues": {
    "1": 0.96000,
    "2": 0.84000,
    "3": 0.64000,
    "4": 0.36000
  },
  "qualityFunction": {
    "linearFunctions": {
      "-0.101485596830630908637971288044354878365993499755859375": {
        "slope": -2.7826787753,
        "yIntercept": -0.2824018162907504216249638651081710349899367429316043853759765625
      },
      "0.401485596830630908637971288044354878365993499755859375": {
        "slope": 1.4513753655,
        "yIntercept": 0.1472936951930425766200326853638813418001518584787845611572265625
      },
      "1.101485596830630908637971288044354878365993499755859375": {
        "slope": 0.3857142858,
        "yIntercept": 0.5751412697594864555112998538710655793693149462342262268066406250
      }
    },
    "lowestX": -0.198514403169369091362028711955645121634006500244140625
  },
  "alpha": 846.85370872575686007621698081493377685546875,
  "beta": 0.101485596830630908637971288044354878365993499755859375,
  "setupType": "Multi Region Model Global Bidder",
  "population": 0,
  "id": 0,
  "worldId": 129,
  "implementation": "ch.uzh.ifi.ce.mweiss.specval.model.mrm.MRMGlobalBidder"
}