{
  "gammaValues": {
    "1": 0.96000,
    "2": 0.84000,
    "3": 0.64000,
    "4": 0.36000
  },
  "qualityFunction": {
    "linearFunctions": {
      "-0.117653220920797563220361325875273905694484710693359375": {
        "slope": 4.1735221819,
        "yIntercept": 0.7610283272850702268603544087266499218458193354308605194091796875
      },
      "0.482346779079202436779638674124726094305515289306640625": {
        "slope": 0.7666666667,
        "yIntercept": 0.3602008027098665724996369352783887052282807417213916778564453125
      },
      "1.182346779079202436779638674124726094305515289306640625": {
        "slope": 0.3857142858,
        "yIntercept": 0.5439519565995350504639220168279223344143247231841087341308593750
      }
    },
    "lowestX": -0.182346779079202436779638674124726094305515289306640625
  },
  "alpha": 1221.1095951988108936347998678684234619140625,
  "beta": 0.182346779079202436779638674124726094305515289306640625,
  "setupType": "Multi Region Model Global Bidder",
  "population": 0,
  "id": 1,
  "worldId": 129,
  "implementation": "ch.uzh.ifi.ce.mweiss.specval.model.mrm.MRMGlobalBidder"
}