{
  "gammaValues": {
    "1": 0.96000,
    "2": 0.84000,
    "3": 0.64000,
    "4": 0.36000
  },
  "qualityFunction": {
    "linearFunctions": {
      "-0.1475446238606913651469909609659225679934024810791015625": {
        "slope": -54.9813928052,
        "yIntercept": -8.11220892077984352920946513831879087774723302572965621948242187500
      },
      "0.4475446238606913651469909609659225679934024810791015625": {
        "slope": 1.2267067550,
        "yIntercept": 0.18099398675384427659598537974083853896445361897349357604980468750
      },
      "1.1475446238606913651469909609659225679934024810791015625": {
        "slope": 0.3857142858,
        "yIntercept": 0.55737564504394379139810136947197349854832282289862632751464843750
      }
    },
    "lowestX": -0.1524553761393086348530090390340774320065975189208984375
  },
  "alpha": 1009.2645295726588301477022469043731689453125,
  "beta": 0.1475446238606913651469909609659225679934024810791015625,
  "setupType": "Multi Region Model Global Bidder",
  "population": 0,
  "id": 1,
  "worldId": 131,
  "implementation": "ch.uzh.ifi.ce.mweiss.specval.model.mrm.MRMGlobalBidder"
}