{
  "gammaValues": {
    "1": 0.96000,
    "2": 0.84000,
    "3": 0.64000,
    "4": 0.36000
  },
  "qualityFunction": {
    "linearFunctions": {
      "-0.1325357286740090734245001158342347480356693267822265625": {
        "slope": 7.7300677183,
        "yIntercept": 1.29451015774567479727997722227517130022533820010721683502197265625
      },
      "0.4674642713259909265754998841657652519643306732177734375": {
        "slope": 0.7666666667,
        "yIntercept": 0.37161072532115814724791705792039664402182097546756267547607421875
      },
      "1.1674642713259909265754998841657652519643306732177734375": {
        "slope": 0.3857142858,
        "yIntercept": 0.54969235244847799077865082240101912702812114730477333068847656250
      }
    },
    "lowestX": -0.1674642713259909265754998841657652519643306732177734375
  },
  "alpha": 1178.53179921443779676337726414203643798828125,
  "beta": 0.1674642713259909265754998841657652519643306732177734375,
  "setupType": "Multi Region Model Global Bidder",
  "population": 0,
  "id": 0,
  "worldId": 131,
  "implementation": "ch.uzh.ifi.ce.mweiss.specval.model.mrm.MRMGlobalBidder"
}