{
  "gammaValues": {
    "1": 0.96000,
    "2": 0.84000,
    "3": 0.64000,
    "4": 0.36000
  },
  "qualityFunction": {
    "linearFunctions": {
      "-0.10661759232102176186973707672223099507391452789306640625": {
        "slope": -3.1118604803,
        "yIntercept": -0.331779072041475628321287754396440305981741403229534626007080078125
      },
      "0.40661759232102176186973707672223099507391452789306640625": {
        "slope": 1.4223498736,
        "yIntercept": 0.151647518961341633618269830741098758153384551405906677246093750000
      },
      "1.10661759232102176186973707672223099507391452789306640625": {
        "slope": 0.3857142858,
        "yIntercept": 0.573161785784181526794156690818304866752441739663481712341308593750
      }
    },
    "lowestX": -0.19338240767897823813026292327776900492608547210693359375
  },
  "alpha": 1198.679153501242808488314040005207061767578125,
  "beta": 0.10661759232102176186973707672223099507391452789306640625,
  "setupType": "Multi Region Model Global Bidder",
  "population": 0,
  "id": 1,
  "worldId": 147,
  "implementation": "ch.uzh.ifi.ce.mweiss.specval.model.mrm.MRMGlobalBidder"
}