{
  "gammaValues": {
    "1": 0.96000,
    "2": 0.84000,
    "3": 0.64000,
    "4": 0.36000
  },
  "qualityFunction": {
    "linearFunctions": {
      "-0.1328861362361685449773318623556406237185001373291015625": {
        "slope": -7.8883413975,
        "yIntercept": -1.04825120962440682986797237108422820028863498009741306304931640625
      },
      "0.4328861362361685449773318623556406237185001373291015625": {
        "slope": 1.2902717852,
        "yIntercept": 0.17145923222977159733598847557445310485491063445806503295898437500
      },
      "1.1328861362361685449773318623556406237185001373291015625": {
        "slope": 0.3857142858,
        "yIntercept": 0.56302963312894474954564326352191017122095217928290367126464843750
      }
    },
    "lowestX": -0.1671138637638314550226681376443593762814998626708984375
  },
  "alpha": 1321.0684984263671140070073306560516357421875,
  "beta": 0.1328861362361685449773318623556406237185001373291015625,
  "setupType": "Multi Region Model Global Bidder",
  "population": 0,
  "id": 0,
  "worldId": 147,
  "implementation": "ch.uzh.ifi.ce.mweiss.specval.model.mrm.MRMGlobalBidder"
}