{
  "gammaValues": {
    "1": 0.96000,
    "2": 0.84000,
    "3": 0.64000,
    "4": 0.36000
  },
  "qualityFunction": {
    "linearFunctions": {
      "-0.116683454211614689999265692676999606192111968994140625": {
        "slope": -4.0520407144,
        "yIntercept": -0.4728061071577091227578409071696796672767959535121917724609375000
      },
      "0.416683454211614689999265692676999606192111968994140625": {
        "slope": 1.3686638382,
        "yIntercept": 0.1597004242957025166338981381208839138707844540476799011230468750
      },
      "1.116683454211614689999265692676999606192111968994140625": {
        "slope": 0.3857142858,
        "yIntercept": 0.5692792390540900377821448308246488068107282742857933044433593750
      }
    },
    "lowestX": -0.183316545788385310000734307323000393807888031005859375
  },
  "alpha": 1261.080998308774496763362549245357513427734375,
  "beta": 0.116683454211614689999265692676999606192111968994140625,
  "setupType": "Multi Region Model Global Bidder",
  "population": 0,
  "id": 0,
  "worldId": 125,
  "implementation": "ch.uzh.ifi.ce.mweiss.specval.model.mrm.MRMGlobalBidder"
}