{
  "gammaValues": {
    "1": 0.96000,
    "2": 0.84000,
    "3": 0.64000,
    "4": 0.36000
  },
  "qualityFunction": {
    "linearFunctions": {
      "-0.106021329341963010950422585665364749729633331298828125": {
        "slope": -3.0696698645,
        "yIntercept": -0.3254504796747465300118042852428601463543600402772426605224609375
      },
      "0.406021329341963010950422585665364749729633331298828125": {
        "slope": 1.4256624671,
        "yIntercept": 0.1511506299548846057485237792672450041209231130778789520263671875
      },
      "1.106021329341963010950422585665364749729633331298828125": {
        "slope": 0.3857142858,
        "yIntercept": 0.5733917729332981532612401731618945177615387365221977233886718750
      }
    },
    "lowestX": -0.193978670658036989049577414334635250270366668701171875
  },
  "alpha": 1093.37838952948322912561707198619842529296875,
  "beta": 0.106021329341963010950422585665364749729633331298828125,
  "setupType": "Multi Region Model Global Bidder",
  "population": 0,
  "id": 1,
  "worldId": 125,
  "implementation": "ch.uzh.ifi.ce.mweiss.specval.model.mrm.MRMGlobalBidder"
}