{
  "gammaValues": {
    "1": 0.96000,
    "2": 0.84000,
    "3": 0.64000,
    "4": 0.36000
  },
  "qualityFunction": {
    "linearFunctions": {
      "-0.10949281224964113601316739732283167541027069091796875": {
        "slope": -3.3327418539,
        "yIntercept": -0.364911278084406370753774433435268065295531414449214935302734375
      },
      "0.40949281224964113601316739732283167541027069091796875": {
        "slope": 1.4065900202,
        "yIntercept": 0.154011496993977532947512076866303232236532494425773620605468750
      },
      "1.10949281224964113601316739732283167541027069091796875": {
        "slope": 0.3857142858,
        "yIntercept": 0.572052772382896177916380477945779148285510018467903137207031250
      }
    },
    "lowestX": -0.19050718775035886398683260267716832458972930908203125
  },
  "alpha": 1070.187200188130873357295058667659759521484375,
  "beta": 0.10949281224964113601316739732283167541027069091796875,
  "setupType": "Multi Region Model Global Bidder",
  "population": 0,
  "id": 0,
  "worldId": 135,
  "implementation": "ch.uzh.ifi.ce.mweiss.specval.model.mrm.MRMGlobalBidder"
}