{
  "gammaValues": {
    "1": 0.96000,
    "2": 0.84000,
    "3": 0.64000,
    "4": 0.36000
  },
  "qualityFunction": {
    "linearFunctions": {
      "-0.1456088919210972998374842291013919748365879058837890625": {
        "slope": -30.7439483552,
        "yIntercept": -4.47659225327988610048221550741232022119220346212387084960937500000
      },
      "0.4456088919210972998374842291013919748365879058837890625": {
        "slope": 1.2347395832,
        "yIntercept": 0.17978906252086952728798070477722603754955343902111053466796875000
      },
      "1.1456088919210972998374842291013919748365879058837890625": {
        "slope": 0.3857142858,
        "yIntercept": 0.55812228450652456504087631450339301864005392417311668395996093750
      }
    },
    "lowestX": -0.1543911080789027001625157708986080251634120941162109375
  },
  "alpha": 1242.7242462532822173670865595340728759765625,
  "beta": 0.1456088919210972998374842291013919748365879058837890625,
  "setupType": "Multi Region Model Global Bidder",
  "population": 0,
  "id": 1,
  "worldId": 135,
  "implementation": "ch.uzh.ifi.ce.mweiss.specval.model.mrm.MRMGlobalBidder"
}