{
  "gammaValues": {
    "1": 0.96000,
    "2": 0.84000,
    "3": 0.64000,
    "4": 0.36000
  },
  "qualityFunction": {
    "linearFunctions": {
      "-0.126809917140948369418396168839535675942897796630859375": {
        "slope": 5.8214539733,
        "yIntercept": 1.0082180959959823387191214127955873891551163978874683380126953125
      },
      "0.473190082859051630581603831160464324057102203369140625": {
        "slope": 0.7666666667,
        "yIntercept": 0.3672209364789540804588020084242572238508728332817554473876953125
      },
      "1.173190082859051630581603831160464324057102203369140625": {
        "slope": 0.3857142858,
        "yIntercept": 0.5474838251423780782448912396453977180499350652098655700683593750
      }
    },
    "lowestX": -0.173190082859051630581603831160464324057102203369140625
  },
  "alpha": 1233.211444046336737301317043602466583251953125,
  "beta": 0.173190082859051630581603831160464324057102203369140625,
  "setupType": "Multi Region Model Global Bidder",
  "population": 0,
  "id": 0,
  "worldId": 29,
  "implementation": "ch.uzh.ifi.ce.mweiss.specval.model.mrm.MRMGlobalBidder"
}