{
  "gammaValues": {
    "1": 0.96000,
    "2": 0.84000,
    "3": 0.64000,
    "4": 0.36000
  },
  "qualityFunction": {
    "linearFunctions": {
      "-0.115150368048522633301899986690841615200042724609375": {
        "slope": -3.8737855305,
        "yIntercept": -0.4460678295718835012133423933988751741708256304264068603515625
      },
      "0.415150368048522633301899986690841615200042724609375": {
        "slope": 1.3765773840,
        "yIntercept": 0.1585133924148724716155207659085135674104094505310058593750000
      },
      "1.115150368048522633301899986690841615200042724609375": {
        "slope": 0.3857142858,
        "yIntercept": 0.5698705722885569527508223508505125209921970963478088378906250
      }
    },
    "lowestX": -0.184849631951477366698100013309158384799957275390625
  },
  "alpha": 923.70578619796515340567566454410552978515625,
  "beta": 0.115150368048522633301899986690841615200042724609375,
  "setupType": "Multi Region Model Global Bidder",
  "population": 0,
  "id": 0,
  "worldId": 29,
  "implementation": "ch.uzh.ifi.ce.mweiss.specval.model.mrm.MRMGlobalBidder"
}