{
  "gammaValues": {
    "1": 0.96000,
    "2": 0.84000,
    "3": 0.64000,
    "4": 0.36000
  },
  "qualityFunction": {
    "linearFunctions": {
      "-0.116893940056597267496130143626942299306392669677734375": {
        "slope": 4.0778032853,
        "yIntercept": 0.7466704927955463946652775952816938342948560602962970733642578125
      },
      "0.483106059943402732503869856373057700693607330322265625": {
        "slope": 0.7666666667,
        "yIntercept": 0.3596186873806210364155863523638601009224657900631427764892578125
      },
      "1.183106059943402732503869856373057700693607330322265625": {
        "slope": 0.3857142858,
        "yIntercept": 0.5436590911232784266105013926129174706147750839591026306152343750
      }
    },
    "lowestX": -0.183106059943402732503869856373057700693607330322265625
  },
  "alpha": 1031.22341719902988188550807535648345947265625,
  "beta": 0.183106059943402732503869856373057700693607330322265625,
  "setupType": "Multi Region Model Global Bidder",
  "population": 0,
  "id": 2,
  "worldId": 29,
  "implementation": "ch.uzh.ifi.ce.mweiss.specval.model.mrm.MRMGlobalBidder"
}