{
  "gammaValues": {
    "1": 0.96000,
    "2": 0.84000,
    "3": 0.64000,
    "4": 0.36000
  },
  "qualityFunction": {
    "linearFunctions": {
      "-0.1461706931619406846234454633304267190396785736083984375": {
        "slope": 35.2544221995,
        "yIntercept": 5.42316332992537547950897595938624107247960637323558330535888671875
      },
      "0.4538293068380593153765545366695732809603214263916015625": {
        "slope": 0.7666666667,
        "yIntercept": 0.38206419809569354798337287804077533337476779706776142120361328125
      },
      "1.1538293068380593153765545366695732809603214263916015625": {
        "slope": 0.3857142858,
        "yIntercept": 0.55495155303784889491149530882374563134362688288092613220214843750
      }
    },
    "lowestX": -0.1538293068380593153765545366695732809603214263916015625
  },
  "alpha": 1089.711228103708663184079341590404510498046875,
  "beta": 0.1538293068380593153765545366695732809603214263916015625,
  "setupType": "Multi Region Model Global Bidder",
  "population": 0,
  "id": 3,
  "worldId": 29,
  "implementation": "ch.uzh.ifi.ce.mweiss.specval.model.mrm.MRMGlobalBidder"
}