{
  "gammaValues": {
    "1": 0.96000,
    "2": 0.84000,
    "3": 0.64000,
    "4": 0.36000
  },
  "qualityFunction": {
    "linearFunctions": {
      "-0.147874107543097277339683159880223684012889862060546875": {
        "slope": 63.5027419011,
        "yIntercept": 9.6604112851651889522079746652760690039940527640283107757568359375
      },
      "0.452125892456902722660316840119776315987110137939453125": {
        "slope": 0.7666666667,
        "yIntercept": 0.3833701491213037162118603318194942630725563503801822662353515625
      },
      "1.152125892456902722660316840119776315987110137939453125": {
        "slope": 0.3857142858,
        "yIntercept": 0.5556085842992981590490004140114876918232766911387443542480468750
      }
    },
    "lowestX": -0.152125892456902722660316840119776315987110137939453125
  },
  "alpha": 946.982119469774943354423157870769500732421875,
  "beta": 0.152125892456902722660316840119776315987110137939453125,
  "setupType": "Multi Region Model Global Bidder",
  "population": 0,
  "id": 1,
  "worldId": 29,
  "implementation": "ch.uzh.ifi.ce.mweiss.specval.model.mrm.MRMGlobalBidder"
}