{
  "gammaValues": {
    "1": 0.96000,
    "2": 0.84000,
    "3": 0.64000,
    "4": 0.36000
  },
  "qualityFunction": {
    "linearFunctions": {
      "-0.1287227705583634806973947206643060781061649322509765625": {
        "slope": -6.3448110276,
        "yIntercept": -0.81672165413807077826205023773908919793029781430959701538085937500
      },
      "0.4287227705583634806973947206643060781061649322509765625": {
        "slope": 1.3095449621,
        "yIntercept": 0.16856825569225910016789385104107878987633739598095417022705078125
      },
      "1.1287227705583634806973947206643060781061649322509765625": {
        "slope": 0.3857142858,
        "yIntercept": 0.56463550274788356282600230939827667953068157657980918884277343750
      }
    },
    "lowestX": -0.1712772294416365193026052793356939218938350677490234375
  },
  "alpha": 1295.862626375746231133234687149524688720703125,
  "beta": 0.1287227705583634806973947206643060781061649322509765625,
  "setupType": "Multi Region Model Global Bidder",
  "population": 0,
  "id": 0,
  "worldId": 29,
  "implementation": "ch.uzh.ifi.ce.mweiss.specval.model.mrm.MRMGlobalBidder"
}