{
  "gammaValues": {
    "1": 0.96000,
    "2": 0.84000,
    "3": 0.64000,
    "4": 0.36000
  },
  "qualityFunction": {
    "linearFunctions": {
      "-0.1157506775862086445538778889385866932570934295654296875": {
        "slope": 3.9416838199,
        "yIntercept": 0.72625257298597979837646927137040364641507039777934551239013671875
      },
      "0.4842493224137913554461221110614133067429065704345703125": {
        "slope": 0.7666666667,
        "yIntercept": 0.35874218615328498341084666967137906112839118577539920806884765625
      },
      "1.1842493224137913554461221110614133067429065704345703125": {
        "slope": 0.3857142858,
        "yIntercept": 0.54321811845603053526388506955235868645104346796870231628417968750
      }
    },
    "lowestX": -0.1842493224137913554461221110614133067429065704345703125
  },
  "alpha": 995.528252567114805060555227100849151611328125,
  "beta": 0.1842493224137913554461221110614133067429065704345703125,
  "setupType": "Multi Region Model Global Bidder",
  "population": 0,
  "id": 3,
  "worldId": 29,
  "implementation": "ch.uzh.ifi.ce.mweiss.specval.model.mrm.MRMGlobalBidder"
}