{
  "gammaValues": {
    "1": 0.96000,
    "2": 0.84000,
    "3": 0.64000,
    "4": 0.36000
  },
  "qualityFunction": {
    "linearFunctions": {
      "-0.1418209096366571386749200200938503257930278778076171875": {
        "slope": -16.5055029352,
        "yIntercept": -2.34082544027942163208507416971571046815370209515094757080078125000
      },
      "0.4418209096366571386749200200938503257930278778076171875": {
        "slope": 1.2507671245,
        "yIntercept": 0.17738493134021598913282745380026739212553366087377071380615234375
      },
      "1.1418209096366571386749200200938503257930278778076171875": {
        "slope": 0.3857142858,
        "yIntercept": 0.55958336338799045425653166607737887261464493349194526672363281250
      }
    },
    "lowestX": -0.1581790903633428613250799799061496742069721221923828125
  },
  "alpha": 1067.20805549277065438218414783477783203125,
  "beta": 0.1418209096366571386749200200938503257930278778076171875,
  "setupType": "Multi Region Model Global Bidder",
  "population": 0,
  "id": 1,
  "worldId": 29,
  "implementation": "ch.uzh.ifi.ce.mweiss.specval.model.mrm.MRMGlobalBidder"
}