{
  "gammaValues": {
    "1": 0.96000,
    "2": 0.84000,
    "3": 0.64000,
    "4": 0.36000
  },
  "qualityFunction": {
    "linearFunctions": {
      "-0.124895528591647042571111114739323966205120086669921875": {
        "slope": -5.3775280827,
        "yIntercept": -0.6716292124047572479274475687471834817188209854066371917724609375
      },
      "0.424895528591647042571111114739323966205120086669921875": {
        "slope": 1.3277771446,
        "yIntercept": 0.1658334283267247695961045583779025491821812465786933898925781250
      },
      "1.124895528591647042571111114739323966205120086669921875": {
        "slope": 0.3857142858,
        "yIntercept": 0.5661117246496593811290016806658798032003687694668769836425781250
      }
    },
    "lowestX": -0.175104471408352957428888885260676033794879913330078125
  },
  "alpha": 851.8353067775093450109125114977359771728515625,
  "beta": 0.124895528591647042571111114739323966205120086669921875,
  "setupType": "Multi Region Model Global Bidder",
  "population": 0,
  "id": 2,
  "worldId": 29,
  "implementation": "ch.uzh.ifi.ce.mweiss.specval.model.mrm.MRMGlobalBidder"
}