{
  "gammaValues": {
    "1": 0.96000,
    "2": 0.84000,
    "3": 0.64000,
    "4": 0.36000
  },
  "qualityFunction": {
    "linearFunctions": {
      "-0.122932100007414890630030868123867549002170562744140625": {
        "slope": -4.9874574694,
        "yIntercept": -0.6131186204089908083424684748230504283128539100289344787597656250
      },
      "0.422932100007414890630030868123867549002170562744140625": {
        "slope": 1.3373289547,
        "yIntercept": 0.1644006568019920179354740052968253394283237867057323455810546875
      },
      "1.122932100007414890630030868123867549002170562744140625": {
        "slope": 0.3857142858,
        "yIntercept": 0.5668690471037457907563525316696484424028312787413597106933593750
      }
    },
    "lowestX": -0.177067899992585109369969131876132450997829437255859375
  },
  "alpha": 805.6298076557044396395212970674037933349609375,
  "beta": 0.122932100007414890630030868123867549002170562744140625,
  "setupType": "Multi Region Model Global Bidder",
  "population": 0,
  "id": 1,
  "worldId": 15,
  "implementation": "ch.uzh.ifi.ce.mweiss.specval.model.mrm.MRMGlobalBidder"
}