{
  "gammaValues": {
    "1": 0.96000,
    "2": 0.84000,
    "3": 0.64000,
    "4": 0.36000
  },
  "qualityFunction": {
    "linearFunctions": {
      "-0.1371183861689147798212928819339140318334102630615234375": {
        "slope": -10.4800533357,
        "yIntercept": -1.43700800035466391808482848280181798372723278589546680450439453125
      },
      "0.4371183861689147798212928819339140318334102630615234375": {
        "slope": 1.2712526177,
        "yIntercept": 0.17431210735203238821603771435686525137498392723500728607177734375
      },
      "1.1371183861689147798212928819339140318334102630615234375": {
        "slope": 0.3857142858,
        "yIntercept": 0.56139719386880843754016576441223662641277769580483436584472656250
      }
    },
    "lowestX": -0.1628816138310852201787071180660859681665897369384765625
  },
  "alpha": 1173.659787551614726908155716955661773681640625,
  "beta": 0.1371183861689147798212928819339140318334102630615234375,
  "setupType": "Multi Region Model Global Bidder",
  "population": 0,
  "id": 0,
  "worldId": 15,
  "implementation": "ch.uzh.ifi.ce.mweiss.specval.model.mrm.MRMGlobalBidder"
}