{
  "gammaValues": {
    "1": 0.96000,
    "2": 0.84000,
    "3": 0.64000,
    "4": 0.36000
  },
  "qualityFunction": {
    "linearFunctions": {
      "-0.130221609687457051673931118784821592271327972412109375": {
        "slope": -6.8256313009,
        "yIntercept": -0.8888446951337104819699870150717657679706462658941745758056640625
      },
      "0.430221609687457051673931118784821592271327972412109375": {
        "slope": 1.3025405158,
        "yIntercept": 0.1696189226506065848777094928756525860080728307366371154785156250
      },
      "1.130221609687457051673931118784821592271327972412109375": {
        "slope": 0.3857142858,
        "yIntercept": 0.5640573790836761420954159640395175756566459313035011291503906250
      }
    },
    "lowestX": -0.169778390312542948326068881215178407728672027587890625
  },
  "alpha": 910.1714491786009375573485158383846282958984375,
  "beta": 0.130221609687457051673931118784821592271327972412109375,
  "setupType": "Multi Region Model Global Bidder",
  "population": 0,
  "id": 0,
  "worldId": 15,
  "implementation": "ch.uzh.ifi.ce.mweiss.specval.model.mrm.MRMGlobalBidder"
}