{
  "gammaValues": {
    "1": 0.96000,
    "2": 0.84000,
    "3": 0.64000,
    "4": 0.36000
  },
  "qualityFunction": {
    "linearFunctions": {
      "-0.11780309235270038092924238526393310166895389556884765625": {
        "slope": -4.1929492570,
        "yIntercept": -0.493942388547442555839116171134683952459454303607344627380371093750
      },
      "0.41780309235270038092924238526393310166895389556884765625": {
        "slope": 1.3629416927,
        "yIntercept": 0.160558746096483882599636415500210517848245217464864253997802734375
      },
      "1.11780309235270038092924238526393310166895389556884765625": {
        "slope": 0.3857142858,
        "yIntercept": 0.568847378628146730868489333032833599190780660137534141540527343750
      }
    },
    "lowestX": -0.18219690764729961907075761473606689833104610443115234375
  },
  "alpha": 1398.932714711656672079698182642459869384765625,
  "beta": 0.11780309235270038092924238526393310166895389556884765625,
  "setupType": "Multi Region Model Global Bidder",
  "population": 0,
  "id": 1,
  "worldId": 15,
  "implementation": "ch.uzh.ifi.ce.mweiss.specval.model.mrm.MRMGlobalBidder"
}