{
  "gammaValues": {
    "1": 0.96000,
    "2": 0.84000,
    "3": 0.64000,
    "4": 0.36000
  },
  "qualityFunction": {
    "linearFunctions": {
      "-0.139139208339212405718399168108589947223663330078125": {
        "slope": 12.4300331152,
        "yIntercept": 1.9995049672808778022336404944780952064320445060729980468750000
      },
      "0.460860791660787594281600831891410052776336669921875": {
        "slope": 0.7666666667,
        "yIntercept": 0.3766733930647008179954131090738655984750948846340179443359375
      },
      "1.160860791660787594281600831891410052776336669921875": {
        "slope": 0.3857142858,
        "yIntercept": 0.5522394088913367172061721710463189083384349942207336425781250
      }
    },
    "lowestX": -0.160860791660787594281600831891410052776336669921875
  },
  "alpha": 870.1151610925929844597703777253627777099609375,
  "beta": 0.160860791660787594281600831891410052776336669921875,
  "setupType": "Multi Region Model Global Bidder",
  "population": 0,
  "id": 0,
  "worldId": 15,
  "implementation": "ch.uzh.ifi.ce.mweiss.specval.model.mrm.MRMGlobalBidder"
}