{
  "gammaValues": {
    "1": 0.96000,
    "2": 0.84000,
    "3": 0.64000,
    "4": 0.36000
  },
  "qualityFunction": {
    "linearFunctions": {
      "-0.10481018454020470109799845204179291613399982452392578125": {
        "slope": -2.9873987894,
        "yIntercept": -0.313109818407801880311650573607273884135793196037411689758300781250
      },
      "0.40481018454020470109799845204179291613399982452392578125": {
        "slope": 1.4324388198,
        "yIntercept": 0.150134177045791027691228666784972745062987087294459342956542968750
      },
      "1.10481018454020470109799845204179291613399982452392578125": {
        "slope": 0.3857142858,
        "yIntercept": 0.573858928785508742330183051261194293601874960586428642272949218750
      }
    },
    "lowestX": -0.19518981545979529890200154795820708386600017547607421875
  },
  "alpha": 1334.998783188302695634774863719940185546875,
  "beta": 0.10481018454020470109799845204179291613399982452392578125,
  "setupType": "Multi Region Model Global Bidder",
  "population": 0,
  "id": 1,
  "worldId": 145,
  "implementation": "ch.uzh.ifi.ce.mweiss.specval.model.mrm.MRMGlobalBidder"
}