{
  "gammaValues": {
    "1": 0.96000,
    "2": 0.84000,
    "3": 0.64000,
    "4": 0.36000
  },
  "qualityFunction": {
    "linearFunctions": {
      "-0.1373990215235505019109041313640773296356201171875": {
        "slope": 10.7134537411,
        "yIntercept": 1.74201806116503845354784143495407988666556775569915771484375
      },
      "0.4626009784764494980890958686359226703643798828125": {
        "slope": 0.7666666667,
        "yIntercept": 0.37533924983930201884914485077615609043277800083160400390625
      },
      "1.1626009784764494980890958686359226703643798828125": {
        "slope": 0.3857142858,
        "yIntercept": 0.55156819397657510972479592226136446697637438774108886718750
      }
    },
    "lowestX": -0.1626009784764494980890958686359226703643798828125
  },
  "alpha": 988.9352817428335811200668103992938995361328125,
  "beta": 0.1626009784764494980890958686359226703643798828125,
  "setupType": "Multi Region Model Global Bidder",
  "population": 0,
  "id": 0,
  "worldId": 145,
  "implementation": "ch.uzh.ifi.ce.mweiss.specval.model.mrm.MRMGlobalBidder"
}