{
  "gammaValues": {
    "1": 0.96000,
    "2": 0.84000,
    "3": 0.64000,
    "4": 0.36000
  },
  "qualityFunction": {
    "linearFunctions": {
      "-0.1105688672556066620700221392326056957244873046875": {
        "slope": -3.4236906374,
        "yIntercept": -0.37855359560905603841379949869860865874215960502624511718750
      },
      "0.4105688672556066620700221392326056957244873046875": {
        "slope": 1.4007813130,
        "yIntercept": 0.15488280305123140670599291013331821886822581291198730468750
      },
      "1.1105688672556066620700221392326056957244873046875": {
        "slope": 0.3857142858,
        "yIntercept": 0.57163772259478867029393946097570733400061726570129394531250
      }
    },
    "lowestX": -0.1894311327443933379299778607673943042755126953125
  },
  "alpha": 1340.340309175722495638183318078517913818359375,
  "beta": 0.1105688672556066620700221392326056957244873046875,
  "setupType": "Multi Region Model Global Bidder",
  "population": 0,
  "id": 0,
  "worldId": 19,
  "implementation": "ch.uzh.ifi.ce.mweiss.specval.model.mrm.MRMGlobalBidder"
}