{
  "gammaValues": {
    "1": 0.96000,
    "2": 0.84000,
    "3": 0.64000,
    "4": 0.36000
  },
  "qualityFunction": {
    "linearFunctions": {
      "-0.103117425989935174168721232490497641265392303466796875": {
        "slope": -2.8795347279,
        "yIntercept": -0.2969302091803236301114321971095222352232667617499828338623046875
      },
      "0.403117425989935174168721232490497641265392303466796875": {
        "slope": 1.4420184568,
        "yIntercept": 0.1486972314951945321868186145053414293215610086917877197265625000
      },
      "1.103117425989935174168721232490497641265392303466796875": {
        "slope": 0.3857142858,
        "yIntercept": 0.5745118499407577963072130811106319470127345994114875793457031250
      }
    },
    "lowestX": -0.196882574010064825831278767509502358734607696533203125
  },
  "alpha": 1158.2409054640374961309134960174560546875,
  "beta": 0.103117425989935174168721232490497641265392303466796875,
  "setupType": "Multi Region Model Global Bidder",
  "population": 0,
  "id": 0,
  "worldId": 19,
  "implementation": "ch.uzh.ifi.ce.mweiss.specval.model.mrm.MRMGlobalBidder"
}