{
  "gammaValues": {
    "1": 0.96000,
    "2": 0.84000,
    "3": 0.64000,
    "4": 0.36000
  },
  "qualityFunction": {
    "linearFunctions": {
      "-0.1035787235600076738872843407079926691949367523193359375": {
        "slope": 2.9081492444,
        "yIntercept": 0.57122238666304720512649243380209895804000552743673324584960937500
      },
      "0.4964212764399923261127156592920073308050632476806640625": {
        "slope": 0.7666666667,
        "yIntercept": 0.34941035473279184076558491700570385773971793241798877716064453125
      },
      "1.1964212764399923261127156592920073308050632476806640625": {
        "slope": 0.3857142858,
        "yIntercept": 0.53852322190202399337595318917770725875016069039702415466308593750
      }
    },
    "lowestX": -0.1964212764399923261127156592920073308050632476806640625
  },
  "alpha": 1081.6621651553550691460259258747100830078125,
  "beta": 0.1964212764399923261127156592920073308050632476806640625,
  "setupType": "Multi Region Model Global Bidder",
  "population": 0,
  "id": 1,
  "worldId": 19,
  "implementation": "ch.uzh.ifi.ce.mweiss.specval.model.mrm.MRMGlobalBidder"
}