{
  "gammaValues": {
    "1": 0.96000,
    "2": 0.84000,
    "3": 0.64000,
    "4": 0.36000
  },
  "qualityFunction": {
    "linearFunctions": {
      "-0.1349522425077031295703733349000685848295688629150390625": {
        "slope": -8.9714364462,
        "yIntercept": -1.21071546692997125912255171553688626318034948781132698059082031250
      },
      "0.4349522425077031295703733349000685848295688629150390625": {
        "slope": 1.2809163978,
        "yIntercept": 0.17286254034799913148106927374136887465283507481217384338378906250
      },
      "1.1349522425077031295703733349000685848295688629150390625": {
        "slope": 0.3857142858,
        "yIntercept": 0.56223270642403288637933858828965583143144613131880760192871093750
      }
    },
    "lowestX": -0.1650477574922968704296266650999314151704311370849609375
  },
  "alpha": 1377.32384169839997412054799497127532958984375,
  "beta": 0.1349522425077031295703733349000685848295688629150390625,
  "setupType": "Multi Region Model Global Bidder",
  "population": 0,
  "id": 0,
  "worldId": 19,
  "implementation": "ch.uzh.ifi.ce.mweiss.specval.model.mrm.MRMGlobalBidder"
}