{
  "gammaValues": {
    "1": 0.96000,
    "2": 0.84000,
    "3": 0.64000,
    "4": 0.36000
  },
  "qualityFunction": {
    "linearFunctions": {
      "-0.1429399250853378988690423057050793431699275970458984375": {
        "slope": -19.1216101290,
        "yIntercept": -2.73324151934970164359814300270024034489324549213051795959472656250
      },
      "0.4429399250853378988690423057050793431699275970458984375": {
        "slope": 1.2459892584,
        "yIntercept": 0.17810161125283172532525222120369789990945719182491302490234375000
      },
      "1.1429399250853378988690423057050793431699275970458984375": {
        "slope": 0.3857142858,
        "yIntercept": 0.55915174314340338828605471932498005571687826886773109436035156250
      }
    },
    "lowestX": -0.1570600749146621011309576942949206568300724029541015625
  },
  "alpha": 1081.3666759017205549753271043300628662109375,
  "beta": 0.1429399250853378988690423057050793431699275970458984375,
  "setupType": "Multi Region Model Global Bidder",
  "population": 0,
  "id": 1,
  "worldId": 19,
  "implementation": "ch.uzh.ifi.ce.mweiss.specval.model.mrm.MRMGlobalBidder"
}