{
  "gammaValues": {
    "1": 0.96000,
    "2": 0.84000,
    "3": 0.64000,
    "4": 0.36000
  },
  "qualityFunction": {
    "linearFunctions": {
      "-0.1260048842709746264034720297786407172679901123046875": {
        "slope": 5.6261449841,
        "yIntercept": 0.97892174761675512044173441683625469522667117416858673095703125
      },
      "0.4739951157290253735965279702213592827320098876953125": {
        "slope": 0.7666666667,
        "yIntercept": 0.36660374461194737638502771037707361756474711000919342041015625
      },
      "1.1739951157290253735965279702213592827320098876953125": {
        "slope": 0.3857142858,
        "yIntercept": 0.54717331246389063169313703660634473635582253336906433105468750
      }
    },
    "lowestX": -0.1739951157290253735965279702213592827320098876953125
  },
  "alpha": 1092.251143942767839689622633159160614013671875,
  "beta": 0.1739951157290253735965279702213592827320098876953125,
  "setupType": "Multi Region Model Global Bidder",
  "population": 0,
  "id": 1,
  "worldId": 97,
  "implementation": "ch.uzh.ifi.ce.mweiss.specval.model.mrm.MRMGlobalBidder"
}