{
  "gammaValues": {
    "1": 0.96000,
    "2": 0.84000,
    "3": 0.64000,
    "4": 0.36000
  },
  "qualityFunction": {
    "linearFunctions": {
      "-0.148571323515752251598343036675942130386829376220703125": {
        "slope": -94.4930510780,
        "yIntercept": -14.0389576616999599521242642952145729395851958543062210083007812500
      },
      "0.448571323515752251598343036675942130386829376220703125": {
        "slope": 1.2224884685,
        "yIntercept": 0.1816267297477900056818850560436118257712223567068576812744140625
      },
      "1.148571323515752251598343036675942130386829376220703125": {
        "slope": 0.3857142858,
        "yIntercept": 0.5569796323197608752250032071451357751357136294245719909667968750
      }
    },
    "lowestX": -0.151428676484247748401656963324057869613170623779296875
  },
  "alpha": 1105.496823441973674562177620828151702880859375,
  "beta": 0.148571323515752251598343036675942130386829376220703125,
  "setupType": "Multi Region Model Global Bidder",
  "population": 0,
  "id": 0,
  "worldId": 97,
  "implementation": "ch.uzh.ifi.ce.mweiss.specval.model.mrm.MRMGlobalBidder"
}