{
  "gammaValues": {
    "1": 0.96000,
    "2": 0.84000,
    "3": 0.64000,
    "4": 0.36000
  },
  "qualityFunction": {
    "linearFunctions": {
      "-0.1205186002229805097840653616003692150115966796875": {
        "slope": 4.5791584193,
        "yIntercept": 0.82187376289668794128249107444617038709111511707305908203125
      },
      "0.4794813997770194902159346383996307849884033203125": {
        "slope": 0.7666666667,
        "yIntercept": 0.36239759350830234417521612755308524356223642826080322265625
      },
      "1.1794813997770194902159346383996307849884033203125": {
        "slope": 0.3857142858,
        "yIntercept": 0.54505717433062264807868068317020515678450465202331542968750
      }
    },
    "lowestX": -0.1794813997770194902159346383996307849884033203125
  },
  "alpha": 873.4247599497660985434777103364467620849609375,
  "beta": 0.1794813997770194902159346383996307849884033203125,
  "setupType": "Multi Region Model Global Bidder",
  "population": 0,
  "id": 2,
  "worldId": 97,
  "implementation": "ch.uzh.ifi.ce.mweiss.specval.model.mrm.MRMGlobalBidder"
}