{
  "gammaValues": {
    "1": 0.96000,
    "2": 0.84000,
    "3": 0.64000,
    "4": 0.36000
  },
  "qualityFunction": {
    "linearFunctions": {
      "-0.128241181311275209697697619048994965851306915283203125": {
        "slope": -6.2043809423,
        "yIntercept": -0.7956571413442851648411687481843301839035120792686939239501953125
      },
      "0.428241181311275209697697619048994965851306915283203125": {
        "slope": 1.3118115668,
        "yIntercept": 0.1682282649842268113395352679972916121187154203653335571289062500
      },
      "1.128241181311275209697697619048994965851306915283203125": {
        "slope": 0.3857142858,
        "yIntercept": 0.5648212586003731750042073289641564315388677641749382019042968750
      }
    },
    "lowestX": -0.171758818688724790302302380951005034148693084716796875
  },
  "alpha": 1036.157827973302801183308474719524383544921875,
  "beta": 0.128241181311275209697697619048994965851306915283203125,
  "setupType": "Multi Region Model Global Bidder",
  "population": 0,
  "id": 0,
  "worldId": 97,
  "implementation": "ch.uzh.ifi.ce.mweiss.specval.model.mrm.MRMGlobalBidder"
}