{
  "gammaValues": {
    "1": 0.96000,
    "2": 0.84000,
    "3": 0.64000,
    "4": 0.36000
  },
  "qualityFunction": {
    "linearFunctions": {
      "-0.12352445629029916440710934466551407240331172943115234375": {
        "slope": -5.0990454239,
        "yIntercept": -0.629856813583214475767935339456382592970840050838887691497802734375
      },
      "0.42352445629029916440710934466551407240331172943115234375": {
        "slope": 1.3344327778,
        "yIntercept": 0.164835083333698597152797812870339555502141593024134635925292968750
      },
      "1.12352445629029916440710934466551407240331172943115234375": {
        "slope": 0.3857142858,
        "yIntercept": 0.566640566823153940332375038679835199673107126727700233459472656250
      }
    },
    "lowestX": -0.17647554370970083559289065533448592759668827056884765625
  },
  "alpha": 1192.38779673459930563694797456264495849609375,
  "beta": 0.12352445629029916440710934466551407240331172943115234375,
  "setupType": "Multi Region Model Global Bidder",
  "population": 0,
  "id": 1,
  "worldId": 97,
  "implementation": "ch.uzh.ifi.ce.mweiss.specval.model.mrm.MRMGlobalBidder"
}