{
  "gammaValues": {
    "1": 0.96000,
    "2": 0.84000,
    "3": 0.64000,
    "4": 0.36000
  },
  "qualityFunction": {
    "linearFunctions": {
      "-0.1463621564473131908545866508575272746384143829345703125": {
        "slope": 37.1098971259,
        "yIntercept": 5.70148456888532606392821668050974182051504612900316715240478515625
      },
      "0.4536378435526868091454133491424727253615856170654296875": {
        "slope": 0.7666666667,
        "yIntercept": 0.38221098661448551820342687201925713225136860273778438568115234375
      },
      "1.1536378435526868091454133491424727253615856170654296875": {
        "slope": 0.3857142858,
        "yIntercept": 0.55502540316222327273939598168972509029117645695805549621582031250
      }
    },
    "lowestX": -0.1536378435526868091454133491424727253615856170654296875
  },
  "alpha": 1062.18062649646572026540525257587432861328125,
  "beta": 0.1536378435526868091454133491424727253615856170654296875,
  "setupType": "Multi Region Model Global Bidder",
  "population": 0,
  "id": 3,
  "worldId": 97,
  "implementation": "ch.uzh.ifi.ce.mweiss.specval.model.mrm.MRMGlobalBidder"
}