{
  "gammaValues": {
    "1": 0.96000,
    "2": 0.84000,
    "3": 0.64000,
    "4": 0.36000
  },
  "qualityFunction": {
    "linearFunctions": {
      "-0.10857573833258216122743533560424111783504486083984375": {
        "slope": -3.2589597150,
        "yIntercept": -0.353843957247733464632153288498273013829020783305168151855468750
      },
      "0.40857573833258216122743533560424111783504486083984375": {
        "slope": 1.4115786824,
        "yIntercept": 0.153263197656113500135167537763436484965495765209197998046875000
      },
      "1.10857573833258216122743533560424111783504486083984375": {
        "slope": 0.3857142858,
        "yIntercept": 0.572406500893840388812339328161726825783262029290199279785156250
      }
    },
    "lowestX": -0.19142426166741783877256466439575888216495513916015625
  },
  "alpha": 1085.260127977108140839845873415470123291015625,
  "beta": 0.10857573833258216122743533560424111783504486083984375,
  "setupType": "Multi Region Model Global Bidder",
  "population": 0,
  "id": 0,
  "worldId": 41,
  "implementation": "ch.uzh.ifi.ce.mweiss.specval.model.mrm.MRMGlobalBidder"
}