{
  "gammaValues": {
    "1": 0.96000,
    "2": 0.84000,
    "3": 0.64000,
    "4": 0.36000
  },
  "qualityFunction": {
    "linearFunctions": {
      "-0.1182335947295887590424712243475369177758693695068359375": {
        "slope": 4.2497726404,
        "yIntercept": 0.77246589606205205547791768916354726570716593414545059204101562500
      },
      "0.4817664052704112409575287756524630822241306304931640625": {
        "slope": 0.7666666667,
        "yIntercept": 0.36064575596329250175688089730119401110641774721443653106689453125
      },
      "1.1817664052704112409575287756524630822241306304931640625": {
        "slope": 0.3857142858,
        "yIntercept": 0.54417581506868997232177508016626177322905277833342552185058593750
      }
    },
    "lowestX": -0.1817664052704112409575287756524630822241306304931640625
  },
  "alpha": 1331.765808216123332385905086994171142578125,
  "beta": 0.1817664052704112409575287756524630822241306304931640625,
  "setupType": "Multi Region Model Global Bidder",
  "population": 0,
  "id": 1,
  "worldId": 41,
  "implementation": "ch.uzh.ifi.ce.mweiss.specval.model.mrm.MRMGlobalBidder"
}