{
  "gammaValues": {
    "1": 0.96000,
    "2": 0.84000,
    "3": 0.64000,
    "4": 0.36000
  },
  "qualityFunction": {
    "linearFunctions": {
      "-0.11799158173504242785867290876922197639942169189453125": {
        "slope": -4.2176404620,
        "yIntercept": -0.497646069298904892976545122351694772078189998865127563476562500
      },
      "0.41799158173504242785867290876922197639942169189453125": {
        "slope": 1.3619830804,
        "yIntercept": 0.160702537952761462519650104141533120127860456705093383789062500
      },
      "1.11799158173504242785867290876922197639942169189453125": {
        "slope": 0.3857142858,
        "yIntercept": 0.568774675580655785105793955658270988351432606577873229980468750
      }
    },
    "lowestX": -0.18200841826495757214132709123077802360057830810546875
  },
  "alpha": 1125.93032575625193203450180590152740478515625,
  "beta": 0.11799158173504242785867290876922197639942169189453125,
  "setupType": "Multi Region Model Global Bidder",
  "population": 0,
  "id": 2,
  "worldId": 41,
  "implementation": "ch.uzh.ifi.ce.mweiss.specval.model.mrm.MRMGlobalBidder"
}