{
  "gammaValues": {
    "1": 0.96000,
    "2": 0.84000,
    "3": 0.64000,
    "4": 0.36000
  },
  "qualityFunction": {
    "linearFunctions": {
      "-0.130525077809623202274025288716075010597705841064453125": {
        "slope": 6.9319917523,
        "yIntercept": 1.1747987628453762122657420940985417701085680164396762847900390625
      },
      "0.469474922190376797725974711283924989402294158935546875": {
        "slope": 0.7666666667,
        "yIntercept": 0.3700692263250619576704068280914583510821103118360042572021484375
      },
      "1.169474922190376797725974711283924989402294158935546875": {
        "slope": 0.3857142858,
        "yIntercept": 0.5489168156863282418322346001282596716919215396046638488769531250
      }
    },
    "lowestX": -0.169474922190376797725974711283924989402294158935546875
  },
  "alpha": 987.052327694239693300914950668811798095703125,
  "beta": 0.169474922190376797725974711283924989402294158935546875,
  "setupType": "Multi Region Model Global Bidder",
  "population": 0,
  "id": 2,
  "worldId": 41,
  "implementation": "ch.uzh.ifi.ce.mweiss.specval.model.mrm.MRMGlobalBidder"
}