{
  "gammaValues": {
    "1": 0.96000,
    "2": 0.84000,
    "3": 0.64000,
    "4": 0.36000
  },
  "qualityFunction": {
    "linearFunctions": {
      "-0.11781211768413675233801996000693179666996002197265625": {
        "slope": 4.1941249405,
        "yIntercept": 0.764118741077840945806438799348114798704045824706554412841796875
      },
      "0.48218788231586324766198003999306820333003997802734375": {
        "slope": 0.7666666667,
        "yIntercept": 0.360322623561765247381953194416581709447200410068035125732421875
      },
      "1.18218788231586324766198003999306820333003997802734375": {
        "slope": 0.3857142858,
        "yIntercept": 0.544013245351122357417590849060218261001864448189735412597656250
      }
    },
    "lowestX": -0.18218788231586324766198003999306820333003997802734375
  },
  "alpha": 1027.206389157370040265959687530994415283203125,
  "beta": 0.18218788231586324766198003999306820333003997802734375,
  "setupType": "Multi Region Model Global Bidder",
  "population": 0,
  "id": 3,
  "worldId": 41,
  "implementation": "ch.uzh.ifi.ce.mweiss.specval.model.mrm.MRMGlobalBidder"
}