{
  "gammaValues": {
    "1": 0.96000,
    "2": 0.84000,
    "3": 0.64000,
    "4": 0.36000
  },
  "qualityFunction": {
    "linearFunctions": {
      "-0.1354404135288253818725223709407146088778972625732421875": {
        "slope": -9.2722413694,
        "yIntercept": -1.25583620540938185481284523503653360876342048868536949157714843750
      },
      "0.4354404135288253818725223709407146088778972625732421875": {
        "slope": 1.2787257260,
        "yIntercept": 0.17319114111938745836216840823240659119619522243738174438476562500
      },
      "1.1354404135288253818725223709407146088778972625732421875": {
        "slope": 0.3857142858,
        "yIntercept": 0.56204441188727246011812776704807959049503551796078681945800781250
      }
    },
    "lowestX": -0.1645595864711746181274776290592853911221027374267578125
  },
  "alpha": 877.1928235373944744424079544842243194580078125,
  "beta": 0.1354404135288253818725223709407146088778972625732421875,
  "setupType": "Multi Region Model Global Bidder",
  "population": 0,
  "id": 0,
  "worldId": 41,
  "implementation": "ch.uzh.ifi.ce.mweiss.specval.model.mrm.MRMGlobalBidder"
}