{
  "gammaValues": {
    "1": 0.96000,
    "2": 0.84000,
    "3": 0.64000,
    "4": 0.36000
  },
  "qualityFunction": {
    "linearFunctions": {
      "-0.1419759067715749278892900520077091641724109649658203125": {
        "slope": -16.8243309439,
        "yIntercept": -2.38864964158473039177480626460425838786250096745789051055908203125
      },
      "0.4419759067715749278892900520077091641724109649658203125": {
        "slope": 1.2501031474,
        "yIntercept": 0.17748452791011479020932953276634691519575426355004310607910156250
      },
      "1.1419759067715749278892900520077091641724109649658203125": {
        "slope": 0.3857142858,
        "yIntercept": 0.55952357877879459294799598612080160364712355658411979675292968750
      }
    },
    "lowestX": -0.1580240932284250721107099479922908358275890350341796875
  },
  "alpha": 985.706058741516471854993142187595367431640625,
  "beta": 0.1419759067715749278892900520077091641724109649658203125,
  "setupType": "Multi Region Model Global Bidder",
  "population": 0,
  "id": 1,
  "worldId": 41,
  "implementation": "ch.uzh.ifi.ce.mweiss.specval.model.mrm.MRMGlobalBidder"
}