{
  "gammaValues": {
    "1": 0.96000,
    "2": 0.84000,
    "3": 0.64000,
    "4": 0.36000
  },
  "qualityFunction": {
    "linearFunctions": {
      "-0.1178445393441095834230480932092177681624889373779296875": {
        "slope": 4.1983537865,
        "yIntercept": 0.76475306797630930396490840650347564633193542249500751495361328125
      },
      "0.4821554606558904165769519067907822318375110626220703125": {
        "slope": 0.7666666667,
        "yIntercept": 0.36034748016774549860247385757450189203154877759516239166259765625
      },
      "1.1821554606558904165769519067907822318375110626220703125": {
        "slope": 0.3857142858,
        "yIntercept": 0.54402575084854322840695651453124526142346439883112907409667968750
      }
    },
    "lowestX": -0.1821554606558904165769519067907822318375110626220703125
  },
  "alpha": 1044.01250371117976101231761276721954345703125,
  "beta": 0.1821554606558904165769519067907822318375110626220703125,
  "setupType": "Multi Region Model Global Bidder",
  "population": 0,
  "id": 2,
  "worldId": 101,
  "implementation": "ch.uzh.ifi.ce.mweiss.specval.model.mrm.MRMGlobalBidder"
}