{
  "gammaValues": {
    "1": 0.96000,
    "2": 0.84000,
    "3": 0.64000,
    "4": 0.36000
  },
  "qualityFunction": {
    "linearFunctions": {
      "-0.1060640271195303074858173886241274885833263397216796875": {
        "slope": -3.0726530255,
        "yIntercept": -0.32589795382446115056475790250356538990672561340034008026123046875
      },
      "0.4060640271195303074858173886241274885833263397216796875": {
        "slope": 1.4254247429,
        "yIntercept": 0.15118628858779511611672919657589631015071063302457332611083984375
      },
      "1.1060640271195303074858173886241274885833263397216796875": {
        "slope": 0.3857142858,
        "yIntercept": 0.57337530379051853621665355231762362109293462708592414855957031250
      }
    },
    "lowestX": -0.1939359728804696925141826113758725114166736602783203125
  },
  "alpha": 1031.536833664056530324160121381282806396484375,
  "beta": 0.1060640271195303074858173886241274885833263397216796875,
  "setupType": "Multi Region Model Global Bidder",
  "population": 0,
  "id": 3,
  "worldId": 101,
  "implementation": "ch.uzh.ifi.ce.mweiss.specval.model.mrm.MRMGlobalBidder"
}