{
  "gammaValues": {
    "1": 0.96000,
    "2": 0.84000,
    "3": 0.64000,
    "4": 0.36000
  },
  "qualityFunction": {
    "linearFunctions": {
      "-0.10352412281571364560672776633509784005582332611083984375": {
        "slope": -2.9047326953,
        "yIntercept": -0.300709904294943877003780651480102648065440007485449314117431640625
      },
      "0.40352412281571364560672776633509784005582332611083984375": {
        "slope": 1.4397052082,
        "yIntercept": 0.149044218792119384379815014152192986784939421340823173522949218750
      },
      "1.10352412281571364560672776633509784005582332611083984375": {
        "slope": 0.3857142858,
        "yIntercept": 0.574354981165065526167486691933028453149745473638176918029785156250
      }
    },
    "lowestX": -0.19647587718428635439327223366490215994417667388916015625
  },
  "alpha": 880.9379832503053648906643502414226531982421875,
  "beta": 0.10352412281571364560672776633509784005582332611083984375,
  "setupType": "Multi Region Model Global Bidder",
  "population": 0,
  "id": 0,
  "worldId": 101,
  "implementation": "ch.uzh.ifi.ce.mweiss.specval.model.mrm.MRMGlobalBidder"
}