{
  "gammaValues": {
    "1": 0.96000,
    "2": 0.84000,
    "3": 0.64000,
    "4": 0.36000
  },
  "qualityFunction": {
    "linearFunctions": {
      "-0.1342152016723132224029768622131086885929107666015625": {
        "slope": 8.5525324555,
        "yIntercept": 1.41787986832606328963675068610683638326008804142475128173828125
      },
      "0.4657847983276867775970231377868913114070892333984375": {
        "slope": 0.7666666667,
        "yIntercept": 0.37289832128658064389802603511014922332833521068096160888671875
      },
      "1.1657847983276867775970231377868913114070892333984375": {
        "slope": 0.3857142858,
        "yIntercept": 0.55034014917653926021306078020245422521838918328285217285156250
      }
    },
    "lowestX": -0.1657847983276867775970231377868913114070892333984375
  },
  "alpha": 1088.0793191831353396992199122905731201171875,
  "beta": 0.1657847983276867775970231377868913114070892333984375,
  "setupType": "Multi Region Model Global Bidder",
  "population": 0,
  "id": 1,
  "worldId": 101,
  "implementation": "ch.uzh.ifi.ce.mweiss.specval.model.mrm.MRMGlobalBidder"
}