{
  "gammaValues": {
    "1": 0.96000,
    "2": 0.84000,
    "3": 0.64000,
    "4": 0.36000
  },
  "qualityFunction": {
    "linearFunctions": {
      "-0.10513573741460909005684953854142804630100727081298828125": {
        "slope": -3.0090765393,
        "yIntercept": -0.316361480893694550029413150304957724756604875437915325164794921875
      },
      "0.40513573741460909005684953854142804630100727081298828125": {
        "slope": 1.4306110297,
        "yIntercept": 0.150408345560982726149209549870722213427143287844955921173095703125
      },
      "1.10513573741460909005684953854142804630100727081298828125": {
        "slope": 0.3857142858,
        "yIntercept": 0.573733358391067716342534398843433507408917648717761039733886718750
      }
    },
    "lowestX": -0.19486426258539090994315046145857195369899272918701171875
  },
  "alpha": 1306.833711980341604430577717721462249755859375,
  "beta": 0.10513573741460909005684953854142804630100727081298828125,
  "setupType": "Multi Region Model Global Bidder",
  "population": 0,
  "id": 2,
  "worldId": 65,
  "implementation": "ch.uzh.ifi.ce.mweiss.specval.model.mrm.MRMGlobalBidder"
}