{
  "gammaValues": {
    "1": 0.96000,
    "2": 0.84000,
    "3": 0.64000,
    "4": 0.36000
  },
  "qualityFunction": {
    "linearFunctions": {
      "-0.111400137850596780975109822975355200469493865966796875": {
        "slope": 3.4974218167,
        "yIntercept": 0.6596132725079353731028594054475178154461900703608989715576171875
      },
      "0.488599862149403219024890177024644799530506134033203125": {
        "slope": 0.7666666667,
        "yIntercept": 0.3554067723558375366759374236469426477924571372568607330322265625
      },
      "1.188599862149403219024890177024644799530506134033203125": {
        "slope": 0.3857142858,
        "yIntercept": 0.5415400531290644844775935129455035621504066511988639831542968750
      }
    },
    "lowestX": -0.188599862149403219024890177024644799530506134033203125
  },
  "alpha": 1130.236663096498887171037495136260986328125,
  "beta": 0.188599862149403219024890177024644799530506134033203125,
  "setupType": "Multi Region Model Global Bidder",
  "population": 0,
  "id": 1,
  "worldId": 65,
  "implementation": "ch.uzh.ifi.ce.mweiss.specval.model.mrm.MRMGlobalBidder"
}