{
  "gammaValues": {
    "1": 0.96000,
    "2": 0.84000,
    "3": 0.64000,
    "4": 0.36000
  },
  "qualityFunction": {
    "linearFunctions": {
      "-0.10227560612150317087554185491171665489673614501953125": {
        "slope": 2.8287420548,
        "yIntercept": 0.559311308223943661952804218273627157032024115324020385742187500
      },
      "0.49772439387849682912445814508828334510326385498046875": {
        "slope": 0.7666666667,
        "yIntercept": 0.348411298029894951208632194461500830584554933011531829833984375
      },
      "1.19772439387849682912445814508828334510326385498046875": {
        "slope": 0.3857142858,
        "yIntercept": 0.538020590889917703576694987255280011595459654927253723144531250
      }
    },
    "lowestX": -0.19772439387849682912445814508828334510326385498046875
  },
  "alpha": 922.4957148643761684070341289043426513671875,
  "beta": 0.19772439387849682912445814508828334510326385498046875,
  "setupType": "Multi Region Model Global Bidder",
  "population": 0,
  "id": 0,
  "worldId": 65,
  "implementation": "ch.uzh.ifi.ce.mweiss.specval.model.mrm.MRMGlobalBidder"
}