{
  "gammaValues": {
    "1": 0.96000,
    "2": 0.84000,
    "3": 0.64000,
    "4": 0.36000
  },
  "qualityFunction": {
    "linearFunctions": {
      "-0.1249899553672431107287366103264503180980682373046875": {
        "slope": -5.3978312307,
        "yIntercept": -0.67467468460489604914900728882543035069829784333705902099609375
      },
      "0.4249899553672431107287366103264503180980682373046875": {
        "slope": 1.3273212090,
        "yIntercept": 0.16590181867090516472938754866106592089636251330375671386718750
      },
      "1.1249899553672431107287366103264503180980682373046875": {
        "slope": 0.3857142858,
        "yIntercept": 0.56607530289334994683029504081162031070562079548835754394531250
      }
    },
    "lowestX": -0.1750100446327568892712633896735496819019317626953125
  },
  "alpha": 826.44099633101041035843081772327423095703125,
  "beta": 0.1249899553672431107287366103264503180980682373046875,
  "setupType": "Multi Region Model Global Bidder",
  "population": 0,
  "id": 1,
  "worldId": 65,
  "implementation": "ch.uzh.ifi.ce.mweiss.specval.model.mrm.MRMGlobalBidder"
}