{
  "gammaValues": {
    "1": 0.96000,
    "2": 0.84000,
    "3": 0.64000,
    "4": 0.36000
  },
  "qualityFunction": {
    "linearFunctions": {
      "-0.131848697467634845548190014596912078559398651123046875": {
        "slope": 7.4374827790,
        "yIntercept": 1.2506224168508849263750119518157077891373774036765098571777343750
      },
      "0.468151302532365154451809985403087921440601348876953125": {
        "slope": 0.7666666667,
        "yIntercept": 0.3710840013962483381692001727092389273821027018129825592041015625
      },
      "1.168151302532365154451809985403087921440601348876953125": {
        "slope": 0.3857142858,
        "yIntercept": 0.5494273546973890430658134209629395172669319435954093933105468750
      }
    },
    "lowestX": -0.168151302532365154451809985403087921440601348876953125
  },
  "alpha": 1145.070622354652869034907780587673187255859375,
  "beta": 0.168151302532365154451809985403087921440601348876953125,
  "setupType": "Multi Region Model Global Bidder",
  "population": 0,
  "id": 0,
  "worldId": 65,
  "implementation": "ch.uzh.ifi.ce.mweiss.specval.model.mrm.MRMGlobalBidder"
}