{
  "gammaValues": {
    "1": 0.96000,
    "2": 0.84000,
    "3": 0.64000,
    "4": 0.36000
  },
  "qualityFunction": {
    "linearFunctions": {
      "-0.1113766495960758218242148132048896513879299163818359375": {
        "slope": -3.4952949080,
        "yIntercept": -0.38929423619673592319590669230677804080187343060970306396484375000
      },
      "0.4113766495960758218242148132048896513879299163818359375": {
        "slope": 1.3964522102,
        "yIntercept": 0.15553216849311101863320617177954829912778222933411598205566406250
      },
      "1.1113766495960758218242148132048896513879299163818359375": {
        "slope": 0.3857142858,
        "yIntercept": 0.57132614940625275590242493017889557904709363356232643127441406250
      }
    },
    "lowestX": -0.1886233504039241781757851867951103486120700836181640625
  },
  "alpha": 1392.452494167444456252269446849822998046875,
  "beta": 0.1113766495960758218242148132048896513879299163818359375,
  "setupType": "Multi Region Model Global Bidder",
  "population": 0,
  "id": 3,
  "worldId": 65,
  "implementation": "ch.uzh.ifi.ce.mweiss.specval.model.mrm.MRMGlobalBidder"
}