{
  "gammaValues": {
    "1": 0.96000,
    "2": 0.84000,
    "3": 0.64000,
    "4": 0.36000
  },
  "qualityFunction": {
    "linearFunctions": {
      "-0.12035041418417567748999630339312716387212276458740234375": {
        "slope": -4.5531833341,
        "yIntercept": -0.547977500114579057305972311919806116975451004691421985626220703125
      },
      "0.42035041418417567748999630339312716387212276458740234375": {
        "slope": 1.3500996517,
        "yIntercept": 0.162485052272006321830855539445348512117561767809092998504638671875
      },
      "1.12035041418417567748999630339312716387212276458740234375": {
        "slope": 0.3857142858,
        "yIntercept": 0.567864840207216488895214939192079839358484605327248573303222656250
      }
    },
    "lowestX": -0.17964958581582432251000369660687283612787723541259765625
  },
  "alpha": 1069.7992957077049140934832394123077392578125,
  "beta": 0.12035041418417567748999630339312716387212276458740234375,
  "setupType": "Multi Region Model Global Bidder",
  "population": 0,
  "id": 2,
  "worldId": 65,
  "implementation": "ch.uzh.ifi.ce.mweiss.specval.model.mrm.MRMGlobalBidder"
}