{
  "gammaValues": {
    "1": 0.96000,
    "2": 0.84000,
    "3": 0.64000,
    "4": 0.36000
  },
  "qualityFunction": {
    "linearFunctions": {
      "-0.130541086550652118969395587555482052266597747802734375": {
        "slope": 6.9376946638,
        "yIntercept": 1.1756541995708868458158614767050664795533521100878715515136718750
      },
      "0.469458913449347881030604412444517947733402252197265625": {
        "slope": 0.7666666667,
        "yIntercept": 0.3700814996931846607615583544248494263229076750576496124267578125
      },
      "1.169458913449347881030604412444517947733402252197265625": {
        "slope": 0.3857142858,
        "yIntercept": 0.5489229904864407675925370511116341276647290214896202087402343750
      }
    },
    "lowestX": -0.169458913449347881030604412444517947733402252197265625
  },
  "alpha": 1263.948329688204239573678933084011077880859375,
  "beta": 0.169458913449347881030604412444517947733402252197265625,
  "setupType": "Multi Region Model Global Bidder",
  "population": 0,
  "id": 0,
  "worldId": 59,
  "implementation": "ch.uzh.ifi.ce.mweiss.specval.model.mrm.MRMGlobalBidder"
}