{
  "gammaValues": {
    "1": 0.96000,
    "2": 0.84000,
    "3": 0.64000,
    "4": 0.36000
  },
  "qualityFunction": {
    "linearFunctions": {
      "-0.10745191953711689947237317710460047237575054168701171875": {
        "slope": -3.1728810919,
        "yIntercept": -0.340932163782321589424154059944083172695172834210097789764404296875
      },
      "0.40745191953711689947237317710460047237575054168701171875": {
        "slope": 1.4177404490,
        "yIntercept": 0.152338932650463985223450211203832793671608669683337211608886718750
      },
      "1.10745191953711689947237317710460047237575054168701171875": {
        "slope": 0.3857142858,
        "yIntercept": 0.572839973857901888528903183162022116903244750574231147766113281250
      }
    },
    "lowestX": -0.19254808046288310052762682289539952762424945831298828125
  },
  "alpha": 1233.508821104356911746435798704624176025390625,
  "beta": 0.10745191953711689947237317710460047237575054168701171875,
  "setupType": "Multi Region Model Global Bidder",
  "population": 0,
  "id": 2,
  "worldId": 59,
  "implementation": "ch.uzh.ifi.ce.mweiss.specval.model.mrm.MRMGlobalBidder"
}