{
  "gammaValues": {
    "1": 0.96000,
    "2": 0.84000,
    "3": 0.64000,
    "4": 0.36000
  },
  "qualityFunction": {
    "linearFunctions": {
      "-0.11475941182492255254743440673337318003177642822265625": {
        "slope": -3.8308100684,
        "yIntercept": -0.439621510257424667651060206097213267639745026826858520507812500
      },
      "0.41475941182492255254743440673337318003177642822265625": {
        "slope": 1.3786101030,
        "yIntercept": 0.158208484556175898134441459852439493261044844985008239746093750
      },
      "1.11475941182492255254743440673337318003177642822265625": {
        "slope": 0.3857142858,
        "yIntercept": 0.570021369689121923003853367184490252839168533682823181152343750
      }
    },
    "lowestX": -0.18524058817507744745256559326662681996822357177734375
  },
  "alpha": 993.32040581979481430607847869396209716796875,
  "beta": 0.11475941182492255254743440673337318003177642822265625,
  "setupType": "Multi Region Model Global Bidder",
  "population": 0,
  "id": 1,
  "worldId": 59,
  "implementation": "ch.uzh.ifi.ce.mweiss.specval.model.mrm.MRMGlobalBidder"
}