{
  "gammaValues": {
    "1": 0.96000,
    "2": 0.84000,
    "3": 0.64000,
    "4": 0.36000
  },
  "qualityFunction": {
    "linearFunctions": {
      "-0.1108803842386132776365315066868788562715053558349609375": {
        "slope": 3.4509541409,
        "yIntercept": 0.65264312113717441586649023188559937125319265760481357574462890625
      },
      "0.4891196157613867223634684933131211437284946441650390625": {
        "slope": 0.7666666667,
        "yIntercept": 0.35500829458663285899596126438115817336438340134918689727783203125
      },
      "1.1891196157613867223634684933131211437284946441650390625": {
        "slope": 0.3857142858,
        "yIntercept": 0.54133957673582629716597186209092740227788453921675682067871093750
      }
    },
    "lowestX": -0.1891196157613867223634684933131211437284946441650390625
  },
  "alpha": 1041.2030550589870472322218120098114013671875,
  "beta": 0.1891196157613867223634684933131211437284946441650390625,
  "setupType": "Multi Region Model Global Bidder",
  "population": 0,
  "id": 1,
  "worldId": 59,
  "implementation": "ch.uzh.ifi.ce.mweiss.specval.model.mrm.MRMGlobalBidder"
}