{
  "gammaValues": {
    "1": 0.96000,
    "2": 0.84000,
    "3": 0.64000,
    "4": 0.36000
  },
  "qualityFunction": {
    "linearFunctions": {
      "-0.1010793491015066603022631852581980638206005096435546875": {
        "slope": 2.7595708054,
        "yIntercept": 0.54893562081064749907621937441426496206986485049128532409667968750
      },
      "0.4989206508984933396977368147418019361793994903564453125": {
        "slope": 0.7666666667,
        "yIntercept": 0.34749416764785775120178533070802728843773365952074527740478515625
      },
      "1.1989206508984933396977368147418019361793994903564453125": {
        "slope": 0.3857142858,
        "yIntercept": 0.53755917746781651318243065662549895478150574490427970886230468750
      }
    },
    "lowestX": -0.1989206508984933396977368147418019361793994903564453125
  },
  "alpha": 875.084127662221590071567334234714508056640625,
  "beta": 0.1989206508984933396977368147418019361793994903564453125,
  "setupType": "Multi Region Model Global Bidder",
  "population": 0,
  "id": 0,
  "worldId": 59,
  "implementation": "ch.uzh.ifi.ce.mweiss.specval.model.mrm.MRMGlobalBidder"
}