{
  "gammaValues": {
    "1": 0.96000,
    "2": 0.84000,
    "3": 0.64000,
    "4": 0.36000
  },
  "qualityFunction": {
    "linearFunctions": {
      "-0.12470617541383814674826879809188540093600749969482421875": {
        "slope": -5.3372711406,
        "yIntercept": -0.665590671089120397481077210932731702541786944493651390075683593750
      },
      "0.42470617541383814674826879809188540093600749969482421875": {
        "slope": 1.3286923727,
        "yIntercept": 0.165696144100955011616728058954084445986154605634510517120361328125
      },
      "1.12470617541383814674826879809188540093600749969482421875": {
        "slope": 0.3857142858,
        "yIntercept": 0.566184760875401899790195908157564019802521215751767158508300781250
      }
    },
    "lowestX": -0.17529382458616185325173120190811459906399250030517578125
  },
  "alpha": 1305.660095950526056185481138527393341064453125,
  "beta": 0.12470617541383814674826879809188540093600749969482421875,
  "setupType": "Multi Region Model Global Bidder",
  "population": 0,
  "id": 1,
  "worldId": 115,
  "implementation": "ch.uzh.ifi.ce.mweiss.specval.model.mrm.MRMGlobalBidder"
}