{
  "gammaValues": {
    "1": 0.96000,
    "2": 0.84000,
    "3": 0.64000,
    "4": 0.36000
  },
  "qualityFunction": {
    "linearFunctions": {
      "-0.112575406644998887717434854494058527052402496337890625": {
        "slope": 3.6072536239,
        "yIntercept": 0.6760880435878116214698139219141381772715249098837375640869140625
      },
      "0.487424593355001112282565145505941472947597503662109375": {
        "slope": 0.7666666667,
        "yIntercept": 0.3563078117649183274715333513693593658899771980941295623779296875
      },
      "1.187424593355001112282565145505941472947597503662109375": {
        "slope": 0.3857142858,
        "yIntercept": 0.5419933710927203201177247771092027051054174080491065979003906250
      }
    },
    "lowestX": -0.187424593355001112282565145505941472947597503662109375
  },
  "alpha": 836.074906176873128060833550989627838134765625,
  "beta": 0.187424593355001112282565145505941472947597503662109375,
  "setupType": "Multi Region Model Global Bidder",
  "population": 0,
  "id": 0,
  "worldId": 115,
  "implementation": "ch.uzh.ifi.ce.mweiss.specval.model.mrm.MRMGlobalBidder"
}