{
  "gammaValues": {
    "1": 0.96000,
    "2": 0.84000,
    "3": 0.64000,
    "4": 0.36000
  },
  "qualityFunction": {
    "linearFunctions": {
      "-0.10879698599737575026580316261970438063144683837890625": {
        "slope": -3.2764593384,
        "yIntercept": -0.356468900759124185147902945658415774232707917690277099609375000
      },
      "0.40879698599737575026580316261970438063144683837890625": {
        "slope": 1.4103719122,
        "yIntercept": 0.153444213182715461084290464732760028709890320897102355957031250
      },
      "1.10879698599737575026580316261970438063144683837890625": {
        "slope": 0.3857142858,
        "yIntercept": 0.572321162508829611811986572966759467817610129714012145996093750
      }
    },
    "lowestX": -0.19120301400262424973419683738029561936855316162109375
  },
  "alpha": 1005.65437060175781880388967692852020263671875,
  "beta": 0.10879698599737575026580316261970438063144683837890625,
  "setupType": "Multi Region Model Global Bidder",
  "population": 0,
  "id": 1,
  "worldId": 115,
  "implementation": "ch.uzh.ifi.ce.mweiss.specval.model.mrm.MRMGlobalBidder"
}