{
  "gammaValues": {
    "1": 0.96000,
    "2": 0.84000,
    "3": 0.64000,
    "4": 0.36000
  },
  "qualityFunction": {
    "linearFunctions": {
      "-0.1183897354905808330105543291210778988897800445556640625": {
        "slope": 4.2707646423,
        "yIntercept": 0.77561469634557793368844390846650327375755296088755130767822265625
      },
      "0.4816102645094191669894456708789221011102199554443359375": {
        "slope": 0.7666666667,
        "yIntercept": 0.36076546388005829649111101342651153345286729745566844940185546875
      },
      "1.1816102645094191669894456708789221011102199554443359375": {
        "slope": 0.3857142858,
        "yIntercept": 0.54423604079080029863183502691903470349643612280488014221191406250
      }
    },
    "lowestX": -0.1816102645094191669894456708789221011102199554443359375
  },
  "alpha": 1365.651971171483410216751508414745330810546875,
  "beta": 0.1816102645094191669894456708789221011102199554443359375,
  "setupType": "Multi Region Model Global Bidder",
  "population": 0,
  "id": 0,
  "worldId": 115,
  "implementation": "ch.uzh.ifi.ce.mweiss.specval.model.mrm.MRMGlobalBidder"
}