{
  "gammaValues": {
    "1": 0.96000,
    "2": 0.84000,
    "3": 0.64000,
    "4": 0.36000
  },
  "qualityFunction": {
    "linearFunctions": {
      "-0.1277943578657192713610157852599513716995716094970703125": {
        "slope": -6.0795359658,
        "yIntercept": -0.77693039486904356287453461749059613339341012760996818542480468750
      },
      "0.4277943578657192713610157852599513716995716094970703125": {
        "slope": 1.3139215743,
        "yIntercept": 0.16791176387358345302851476421590604104494559578597545623779296875
      },
      "1.1277943578657192713610157852599513716995716094970703125": {
        "slope": 0.3857142858,
        "yIntercept": 0.56499360478655447894368940242593168932216940447688102722167968750
      }
    },
    "lowestX": -0.1722056421342807286389842147400486283004283905029296875
  },
  "alpha": 1141.029317489848608602187596261501312255859375,
  "beta": 0.1277943578657192713610157852599513716995716094970703125,
  "setupType": "Multi Region Model Global Bidder",
  "population": 0,
  "id": 0,
  "worldId": 79,
  "implementation": "ch.uzh.ifi.ce.mweiss.specval.model.mrm.MRMGlobalBidder"
}