{
  "gammaValues": {
    "1": 0.96000,
    "2": 0.84000,
    "3": 0.64000,
    "4": 0.36000
  },
  "qualityFunction": {
    "linearFunctions": {
      "-0.1447043085251482341657691677028196863830089569091796875": {
        "slope": -25.4924216490,
        "yIntercept": -3.68886324734993589441842461451592782850639196112751960754394531250
      },
      "0.4447043085251482341657691677028196863830089569091796875": {
        "slope": 1.2385295683,
        "yIntercept": 0.17922056476880185215483739791242356886868947185575962066650390625
      },
      "1.1447043085251482341657691677028196863830089569091796875": {
        "slope": 0.3857142858,
        "yIntercept": 0.55847119524503959751961918667184647802059771493077278137207031250
      }
    },
    "lowestX": -0.1552956914748517658342308322971803136169910430908203125
  },
  "alpha": 1003.1921143172902475271257571876049041748046875,
  "beta": 0.1447043085251482341657691677028196863830089569091796875,
  "setupType": "Multi Region Model Global Bidder",
  "population": 0,
  "id": 1,
  "worldId": 79,
  "implementation": "ch.uzh.ifi.ce.mweiss.specval.model.mrm.MRMGlobalBidder"
}