{
  "gammaValues": {
    "1": 0.96000,
    "2": 0.84000,
    "3": 0.64000,
    "4": 0.36000
  },
  "qualityFunction": {
    "linearFunctions": {
      "-0.123031896250575822904238521005026996135711669921875": {
        "slope": 5.0059136992,
        "yIntercept": 0.8858870548806893722353592579565884079784154891967773437500000
      },
      "0.476968103749424177095761478994973003864288330078125": {
        "slope": 0.7666666667,
        "yIntercept": 0.3643244537962091941016020602006619810708798468112945556640625
      },
      "1.176968103749424177095761478994973003864288330078125": {
        "slope": 0.3857142858,
        "yIntercept": 0.5460265885129105513702556429223022860242053866386413574218750
      }
    },
    "lowestX": -0.176968103749424177095761478994973003864288330078125
  },
  "alpha": 1211.1124535156641286448575556278228759765625,
  "beta": 0.176968103749424177095761478994973003864288330078125,
  "setupType": "Multi Region Model Global Bidder",
  "population": 0,
  "id": 0,
  "worldId": 13,
  "implementation": "ch.uzh.ifi.ce.mweiss.specval.model.mrm.MRMGlobalBidder"
}