{
  "gammaValues": {
    "1": 0.96000,
    "2": 0.84000,
    "3": 0.64000,
    "4": 0.36000
  },
  "qualityFunction": {
    "linearFunctions": {
      "-0.1470629032311307760050311799204791896045207977294921875": {
        "slope": -45.9637562612,
        "yIntercept": -6.75956343917986308364273338122885093071090523153543472290039062500
      },
      "0.4470629032311307760050311799204791896045207977294921875": {
        "slope": 1.2286959969,
        "yIntercept": 0.18069560049258245993777238502797644059683079831302165985107421875
      },
      "1.1470629032311307760050311799204791896045207977294921875": {
        "slope": 0.3857142858,
        "yIntercept": 0.55756145157252988040681962123024106858792947605252265930175781250
      }
    },
    "lowestX": -0.1529370967688692239949688200795208103954792022705078125
  },
  "alpha": 1076.9235570264527268591336905956268310546875,
  "beta": 0.1470629032311307760050311799204791896045207977294921875,
  "setupType": "Multi Region Model Global Bidder",
  "population": 0,
  "id": 1,
  "worldId": 13,
  "implementation": "ch.uzh.ifi.ce.mweiss.specval.model.mrm.MRMGlobalBidder"
}