{
  "gammaValues": {
    "1": 0.96000,
    "2": 0.84000,
    "3": 0.64000,
    "4": 0.36000
  },
  "qualityFunction": {
    "linearFunctions": {
      "-0.133053229009821472050845159174059517681598663330078125": {
        "slope": -7.9661193320,
        "yIntercept": -1.0599178997998379536270646905649073232780210673809051513671875000
      },
      "0.433053229009821472050845159174059517681598663330078125": {
        "slope": 1.2895101084,
        "yIntercept": 0.1715734837634249110889329115181567431136500090360641479492187500
      },
      "1.133053229009821472050845159174059517681598663330078125": {
        "slope": 0.3857142858,
        "yIntercept": 0.5629651830590928697224035981427903152507496997714042663574218750
      }
    },
    "lowestX": -0.166946770990178527949154840825940482318401336669921875
  },
  "alpha": 1212.83107595461706296191550791263580322265625,
  "beta": 0.133053229009821472050845159174059517681598663330078125,
  "setupType": "Multi Region Model Global Bidder",
  "population": 0,
  "id": 0,
  "worldId": 13,
  "implementation": "ch.uzh.ifi.ce.mweiss.specval.model.mrm.MRMGlobalBidder"
}