{
  "gammaValues": {
    "1": 0.96000,
    "2": 0.84000,
    "3": 0.64000,
    "4": 0.36000
  },
  "qualityFunction": {
    "linearFunctions": {
      "-0.10639117597127308034732351416096207685768604278564453125": {
        "slope": -3.0957037481,
        "yIntercept": -0.329355562210963267240158147408646271969701047055423259735107421875
      },
      "0.40639117597127308034732351416096207685768604278564453125": {
        "slope": 1.4236059359,
        "yIntercept": 0.151459109640085805062327388437193320669393870048224925994873046875
      },
      "1.10639117597127308034732351416096207685768604278564453125": {
        "slope": 0.3857142858,
        "yIntercept": 0.573249117804818282497066094793858326283952919766306877136230468750
      }
    },
    "lowestX": -0.19360882402872691965267648583903792314231395721435546875
  },
  "alpha": 1321.7686888770331279374659061431884765625,
  "beta": 0.10639117597127308034732351416096207685768604278564453125,
  "setupType": "Multi Region Model Global Bidder",
  "population": 0,
  "id": 1,
  "worldId": 47,
  "implementation": "ch.uzh.ifi.ce.mweiss.specval.model.mrm.MRMGlobalBidder"
}