{
  "gammaValues": {
    "1": 0.96000,
    "2": 0.84000,
    "3": 0.64000,
    "4": 0.36000
  },
  "qualityFunction": {
    "linearFunctions": {
      "-0.1127749139555010160496095750204403884708881378173828125": {
        "slope": -3.6265866474,
        "yIntercept": -0.40898799710729609741735281924768230510380817577242851257324218750
      },
      "0.4127749139555010160496095750204403884708881378173828125": {
        "slope": 1.3890214805,
        "yIntercept": 0.15664677794573013243248295334186792615582817234098911285400390625
      },
      "1.1127749139555010160496095750204403884708881378173828125": {
        "slope": 0.3857142858,
        "yIntercept": 0.57078681886749747261325050540214931515947682783007621765136718750
      }
    },
    "lowestX": -0.1872250860444989839503904249795596115291118621826171875
  },
  "alpha": 1260.010095006785604709875769913196563720703125,
  "beta": 0.1127749139555010160496095750204403884708881378173828125,
  "setupType": "Multi Region Model Global Bidder",
  "population": 0,
  "id": 0,
  "worldId": 47,
  "implementation": "ch.uzh.ifi.ce.mweiss.specval.model.mrm.MRMGlobalBidder"
}