{
  "gammaValues": {
    "1": 0.96000,
    "2": 0.84000,
    "3": 0.64000,
    "4": 0.36000
  },
  "qualityFunction": {
    "linearFunctions": {
      "-0.1432223908315416738279424180291243828833103179931640625": {
        "slope": -19.9185282958,
        "yIntercept": -2.85277924436981067872123464579381391104107024148106575012207031250
      },
      "0.4432223908315416738279424180291243828833103179931640625": {
        "slope": 1.2447889773,
        "yIntercept": 0.17828165340965565674661461870176282218380947597324848175048828125
      },
      "1.1432223908315416738279424180291243828833103179931640625": {
        "slope": 0.3857142858,
        "yIntercept": 0.55904279206984343516651863814637124505679821595549583435058593750
      }
    },
    "lowestX": -0.1567776091684583261720575819708756171166896820068359375
  },
  "alpha": 874.831763609713789264787919819355010986328125,
  "beta": 0.1432223908315416738279424180291243828833103179931640625,
  "setupType": "Multi Region Model Global Bidder",
  "population": 0,
  "id": 0,
  "worldId": 47,
  "implementation": "ch.uzh.ifi.ce.mweiss.specval.model.mrm.MRMGlobalBidder"
}