{
  "gammaValues": {
    "1": 0.96000,
    "2": 0.84000,
    "3": 0.64000,
    "4": 0.36000
  },
  "qualityFunction": {
    "linearFunctions": {
      "-0.1041564276898553631500732308268197812139987945556640625": {
        "slope": -2.9447966900,
        "yIntercept": -0.30671950349668958001691637660357514505449216812849044799804687500
      },
      "0.4041564276898553631500732308268197812139987945556640625": {
        "slope": 1.4361234273,
        "yIntercept": 0.14958148590927970556836929250099643695648410357534885406494140625
      },
      "1.1041564276898553631500732308268197812139987945556640625": {
        "slope": 0.3857142858,
        "yIntercept": 0.57411109214212809469726986555393466460373019799590110778808593750
      }
    },
    "lowestX": -0.1958435723101446368499267691731802187860012054443359375
  },
  "alpha": 1037.493685779213819841970689594745635986328125,
  "beta": 0.1041564276898553631500732308268197812139987945556640625,
  "setupType": "Multi Region Model Global Bidder",
  "population": 0,
  "id": 2,
  "worldId": 47,
  "implementation": "ch.uzh.ifi.ce.mweiss.specval.model.mrm.MRMGlobalBidder"
}