{
  "gammaValues": {
    "1": 0.96000,
    "2": 0.84000,
    "3": 0.64000,
    "4": 0.36000
  },
  "qualityFunction": {
    "linearFunctions": {
      "-0.12480812064964226237862021662294864654541015625": {
        "slope": 5.3588697423,
        "yIntercept": 0.938830461347304260819894494716209010221064090728759765625
      },
      "0.47519187935035773762137978337705135345458984375": {
        "slope": 0.7666666667,
        "yIntercept": 0.365686225835552671845263574823547969572246074676513671875
      },
      "1.17519187935035773762137978337705135345458984375": {
        "slope": 0.3857142858,
        "yIntercept": 0.546711703638416997258865706044161925092339515686035156250
      }
    },
    "lowestX": -0.17519187935035773762137978337705135345458984375
  },
  "alpha": 1164.775286621296118028112687170505523681640625,
  "beta": 0.17519187935035773762137978337705135345458984375,
  "setupType": "Multi Region Model Global Bidder",
  "population": 0,
  "id": 1,
  "worldId": 47,
  "implementation": "ch.uzh.ifi.ce.mweiss.specval.model.mrm.MRMGlobalBidder"
}