{
  "gammaValues": {
    "1": 0.96000,
    "2": 0.84000,
    "3": 0.64000,
    "4": 0.36000
  },
  "qualityFunction": {
    "linearFunctions": {
      "-0.12273317040722819815101729545858688652515411376953125": {
        "slope": -4.9510706604,
        "yIntercept": -0.607660599058898948046940740042032302881125360727310180664062500
      },
      "0.42273317040722819815101729545858688652515411376953125": {
        "slope": 1.3383043928,
        "yIntercept": 0.164254341098264462457535284301002320717088878154754638671875000
      },
      "1.12273317040722819815101729545858688652515411376953125": {
        "slope": 0.3857142858,
        "yIntercept": 0.566945777092406280392559483338743575586704537272453308105468750
      }
    },
    "lowestX": -0.17726682959277180184898270454141311347484588623046875
  },
  "alpha": 958.05591615071762134903110563755035400390625,
  "beta": 0.12273317040722819815101729545858688652515411376953125,
  "setupType": "Multi Region Model Global Bidder",
  "population": 0,
  "id": 2,
  "worldId": 43,
  "implementation": "ch.uzh.ifi.ce.mweiss.specval.model.mrm.MRMGlobalBidder"
}