{
  "gammaValues": {
    "1": 0.96000,
    "2": 0.84000,
    "3": 0.64000,
    "4": 0.36000
  },
  "qualityFunction": {
    "linearFunctions": {
      "-0.117599193943583879562453375910990871489048004150390625": {
        "slope": 4.1665630098,
        "yIntercept": 0.7599844514723672193715035549921310575882671400904655456542968750
      },
      "0.482400806056416120437546624089009128510951995849609375": {
        "slope": 0.7666666667,
        "yIntercept": 0.3601593820273342807960003841838414473386364988982677459716796875
      },
      "1.182400806056416120437546624089009128510951995849609375": {
        "slope": 0.3857142858,
        "yIntercept": 0.5439311176226051415978249203853067683667177334427833557128906250
      }
    },
    "lowestX": -0.182400806056416120437546624089009128510951995849609375
  },
  "alpha": 1321.85260179772058108937926590442657470703125,
  "beta": 0.182400806056416120437546624089009128510951995849609375,
  "setupType": "Multi Region Model Global Bidder",
  "population": 0,
  "id": 1,
  "worldId": 43,
  "implementation": "ch.uzh.ifi.ce.mweiss.specval.model.mrm.MRMGlobalBidder"
}