{
  "gammaValues": {
    "1": 0.96000,
    "2": 0.84000,
    "3": 0.64000,
    "4": 0.36000
  },
  "qualityFunction": {
    "linearFunctions": {
      "-0.1315383677082352653631147632040665484964847564697265625": {
        "slope": -7.3124628346,
        "yIntercept": -0.96186942518958084567915462037568374853435670956969261169433593750
      },
      "0.4315383677082352653631147632040665484964847564697265625": {
        "slope": 1.2964485196,
        "yIntercept": 0.17053272208594205450852329120081662949814926832914352416992187500
      },
      "1.1315383677082352653631147632040665484964847564697265625": {
        "slope": 0.3857142858,
        "yIntercept": 0.56354948670412025184209271144730735159100731834769248962402343750
      }
    },
    "lowestX": -0.1684616322917647346368852367959334515035152435302734375
  },
  "alpha": 992.97920772656971166725270450115203857421875,
  "beta": 0.1315383677082352653631147632040665484964847564697265625,
  "setupType": "Multi Region Model Global Bidder",
  "population": 0,
  "id": 0,
  "worldId": 43,
  "implementation": "ch.uzh.ifi.ce.mweiss.specval.model.mrm.MRMGlobalBidder"
}