{
  "gammaValues": {
    "1": 0.96000,
    "2": 0.84000,
    "3": 0.64000,
    "4": 0.36000
  },
  "qualityFunction": {
    "linearFunctions": {
      "-0.11706654831411668349350208018222474493086338043212890625": {
        "slope": -4.0991755521,
        "yIntercept": -0.479876332812039419716702653706530412591746426187455654144287109375
      },
      "0.41706654831411668349350208018222474493086338043212890625": {
        "slope": 1.3667005558,
        "yIntercept": 0.159994916646490824316621978673502724177524214610457420349121093750
      },
      "1.11706654831411668349350208018222474493086338043212890625": {
        "slope": 0.3857142858,
        "yIntercept": 0.569131474185949289368439196201698848653904860839247703552246093750
      }
    },
    "lowestX": -0.18293345168588331650649791981777525506913661956787109375
  },
  "alpha": 1312.316813247017080357181839644908905029296875,
  "beta": 0.11706654831411668349350208018222474493086338043212890625,
  "setupType": "Multi Region Model Global Bidder",
  "population": 0,
  "id": 0,
  "worldId": 43,
  "implementation": "ch.uzh.ifi.ce.mweiss.specval.model.mrm.MRMGlobalBidder"
}