{
  "gammaValues": {
    "1": 0.96000,
    "2": 0.84000,
    "3": 0.64000,
    "4": 0.36000
  },
  "qualityFunction": {
    "linearFunctions": {
      "-0.1139789316917336037260355396938393823802471160888671875": {
        "slope": 3.7478066682,
        "yIntercept": 0.69717100023140849313754763838524297625554027035832405090332031250
      },
      "0.4860210683082663962739644603061606176197528839111328125": {
        "slope": 0.7666666667,
        "yIntercept": 0.35738384763412839391301836722281137781465076841413974761962890625
      },
      "1.1860210683082663962739644603061606176197528839111328125": {
        "slope": 0.3857142858,
        "yIntercept": 0.54253473075372401272504801705842680803471012040972709655761718750
      }
    },
    "lowestX": -0.1860210683082663962739644603061606176197528839111328125
  },
  "alpha": 833.568582866725364510784856975078582763671875,
  "beta": 0.1860210683082663962739644603061606176197528839111328125,
  "setupType": "Multi Region Model Global Bidder",
  "population": 0,
  "id": 1,
  "worldId": 43,
  "implementation": "ch.uzh.ifi.ce.mweiss.specval.model.mrm.MRMGlobalBidder"
}