{
  "gammaValues": {
    "1": 0.96000,
    "2": 0.84000,
    "3": 0.64000,
    "4": 0.36000
  },
  "qualityFunction": {
    "linearFunctions": {
      "-0.109028437996790417141568241277127526700496673583984375": {
        "slope": 3.2949683488,
        "yIntercept": 0.6292452523214722995313836761965831101406365633010864257812500000
      },
      "0.490971562003209582858431758722872473299503326416015625": {
        "slope": 0.7666666667,
        "yIntercept": 0.3535884691345069344084286655505167118462850339710712432861328125
      },
      "1.190971562003209582858431758722872473299503326416015625": {
        "slope": 0.3857142858,
        "yIntercept": 0.5406252546138215984400440716761693238368025049567222595214843750
      }
    },
    "lowestX": -0.190971562003209582858431758722872473299503326416015625
  },
  "alpha": 1099.362721565896890751901082694530487060546875,
  "beta": 0.190971562003209582858431758722872473299503326416015625,
  "setupType": "Multi Region Model Global Bidder",
  "population": 0,
  "id": 0,
  "worldId": 71,
  "implementation": "ch.uzh.ifi.ce.mweiss.specval.model.mrm.MRMGlobalBidder"
}