{
  "gammaValues": {
    "1": 0.96000,
    "2": 0.84000,
    "3": 0.64000,
    "4": 0.36000
  },
  "qualityFunction": {
    "linearFunctions": {
      "-0.144258715519130775728484650244354270398616790771484375": {
        "slope": -23.5139018890,
        "yIntercept": -3.3920852833499972369599494315117738096887478604912757873535156250
      },
      "0.444258715519130775728484650244354270398616790771484375": {
        "slope": 1.2404050611,
        "yIntercept": 0.1789392408377149280863813995967603887038421817123889923095703125
      },
      "1.144258715519130775728484650244354270398616790771484375": {
        "slope": 0.3857142858,
        "yIntercept": 0.5586430668331130966030875684147360971110174432396888732910156250
      }
    },
    "lowestX": -0.155741284480869224271515349755645729601383209228515625
  },
  "alpha": 1348.67685719766677721054293215274810791015625,
  "beta": 0.144258715519130775728484650244354270398616790771484375,
  "setupType": "Multi Region Model Global Bidder",
  "population": 0,
  "id": 1,
  "worldId": 71,
  "implementation": "ch.uzh.ifi.ce.mweiss.specval.model.mrm.MRMGlobalBidder"
}