{
  "gammaValues": {
    "1": 0.96000,
    "2": 0.84000,
    "3": 0.64000,
    "4": 0.36000
  },
  "qualityFunction": {
    "linearFunctions": {
      "-0.12389161312099349065984910112092620693147182464599609375": {
        "slope": -5.1707522423,
        "yIntercept": -0.640612836342458806966881153799331372056258260272443294525146484375
      },
      "0.42389161312099349065984910112092620693147182464599609375": {
        "slope": 1.3326439457,
        "yIntercept": 0.165103408148698656896957402684389393243691301904618740081787109375
      },
      "1.12389161312099349065984910112092620693147182464599609375": {
        "slope": 0.3857142858,
        "yIntercept": 0.566498949188426086763687333225369968658924335613846778869628906250
      }
    },
    "lowestX": -0.17610838687900650934015089887907379306852817535400390625
  },
  "alpha": 1289.851420178700891483458690345287322998046875,
  "beta": 0.12389161312099349065984910112092620693147182464599609375,
  "setupType": "Multi Region Model Global Bidder",
  "population": 0,
  "id": 0,
  "worldId": 71,
  "implementation": "ch.uzh.ifi.ce.mweiss.specval.model.mrm.MRMGlobalBidder"
}