{
  "gammaValues": {
    "1": 0.96000,
    "2": 0.84000,
    "3": 0.64000,
    "4": 0.36000
  },
  "qualityFunction": {
    "linearFunctions": {
      "-0.1082999199220269048726805749538470990955829620361328125": {
        "slope": 3.2374038551,
        "yIntercept": 0.62061057826740880675926293197353089681200799532234668731689453125
      },
      "0.4917000800779730951273194250461529009044170379638671875": {
        "slope": 0.7666666667,
        "yIntercept": 0.35302993861049729106645600429370546180507517419755458831787109375
      },
      "1.1917000800779730951273194250461529009044170379638671875": {
        "slope": 0.3857142858,
        "yIntercept": 0.54034425478492179930135052789985650179005460813641548156738281250
      }
    },
    "lowestX": -0.1917000800779730951273194250461529009044170379638671875
  },
  "alpha": 887.102057908092319848947227001190185546875,
  "beta": 0.1917000800779730951273194250461529009044170379638671875,
  "setupType": "Multi Region Model Global Bidder",
  "population": 0,
  "id": 2,
  "worldId": 71,
  "implementation": "ch.uzh.ifi.ce.mweiss.specval.model.mrm.MRMGlobalBidder"
}