{
  "gammaValues": {
    "1": 0.96000,
    "2": 0.84000,
    "3": 0.64000,
    "4": 0.36000
  },
  "qualityFunction": {
    "linearFunctions": {
      "-0.1414224555304797015242712632243637926876544952392578125": {
        "slope": 15.7387700501,
        "yIntercept": 2.49581550751528696596381212413628958302069804631173610687255859375
      },
      "0.4585775444695202984757287367756362073123455047607421875": {
        "slope": 0.7666666667,
        "yIntercept": 0.37842388257808185301962395852282128316801390610635280609130859375
      },
      "1.1585775444695202984757287367756362073123455047607421875": {
        "slope": 0.3857142858,
        "yIntercept": 0.55312008995102123820483146166004928545589791610836982727050781250
      }
    },
    "lowestX": -0.1585775444695202984757287367756362073123455047607421875
  },
  "alpha": 1278.63587398208937884191982448101043701171875,
  "beta": 0.1585775444695202984757287367756362073123455047607421875,
  "setupType": "Multi Region Model Global Bidder",
  "population": 0,
  "id": 1,
  "worldId": 71,
  "implementation": "ch.uzh.ifi.ce.mweiss.specval.model.mrm.MRMGlobalBidder"
}