{
  "gammaValues": {
    "1": 0.96000,
    "2": 0.84000,
    "3": 0.64000,
    "4": 0.36000
  },
  "qualityFunction": {
    "linearFunctions": {
      "-0.1457960392244228575719944274169392883777618408203125": {
        "slope": -32.1125736434,
        "yIntercept": -4.68188604650968596635705963215912106534233316779136657714843750
      },
      "0.4457960392244228575719944274169392883777618408203125": {
        "slope": 1.2339583754,
        "yIntercept": 0.17990624370112350533216383219325962272705510258674621582031250
      },
      "1.1457960392244228575719944274169392883777618408203125": {
        "slope": 0.3857142858,
        "yIntercept": 0.55805009911808295157442304734729532356141135096549987792968750
      }
    },
    "lowestX": -0.1542039607755771424280055725830607116222381591796875
  },
  "alpha": 1212.10954053292471144231967628002166748046875,
  "beta": 0.1457960392244228575719944274169392883777618408203125,
  "setupType": "Multi Region Model Global Bidder",
  "population": 0,
  "id": 0,
  "worldId": 11,
  "implementation": "ch.uzh.ifi.ce.mweiss.specval.model.mrm.MRMGlobalBidder"
}