{
  "gammaValues": {
    "1": 0.96000,
    "2": 0.84000,
    "3": 0.64000,
    "4": 0.36000
  },
  "qualityFunction": {
    "linearFunctions": {
      "-0.1238625134699434526819317170520662330090999603271484375": {
        "slope": -5.1649954881,
        "yIntercept": -0.63974932321301659193568683703379207372563541866838932037353515625
      },
      "0.4238625134699434526819317170520662330090999603271484375": {
        "slope": 1.3327855477,
        "yIntercept": 0.16508216785453721207071739740523952377770910970866680145263671875
      },
      "1.1238625134699434526819317170520662330090999603271484375": {
        "slope": 0.3857142858,
        "yIntercept": 0.56651017333954788138240261319289459152059862390160560607910156250
      }
    },
    "lowestX": -0.1761374865300565473180682829479337669909000396728515625
  },
  "alpha": 977.81897624177099714870564639568328857421875,
  "beta": 0.1238625134699434526819317170520662330090999603271484375,
  "setupType": "Multi Region Model Global Bidder",
  "population": 0,
  "id": 1,
  "worldId": 11,
  "implementation": "ch.uzh.ifi.ce.mweiss.specval.model.mrm.MRMGlobalBidder"
}