{
  "gammaValues": {
    "1": 0.96000,
    "2": 0.84000,
    "3": 0.64000,
    "4": 0.36000
  },
  "qualityFunction": {
    "linearFunctions": {
      "-0.1080110361823527875824169086627080105245113372802734375": {
        "slope": 3.2151305421,
        "yIntercept": 0.61726958131624936760669777602306140806831535883247852325439453125
      },
      "0.4919889638176472124175830913372919894754886627197265625": {
        "slope": 0.7666666667,
        "yIntercept": 0.35280846107673750501926472289415670502421562559902667999267578125
      },
      "1.1919889638176472124175830913372919894754886627197265625": {
        "slope": 0.3857142858,
        "yIntercept": 0.54023282819959416402599104656268025337340077385306358337402343750
      }
    },
    "lowestX": -0.1919889638176472124175830913372919894754886627197265625
  },
  "alpha": 1013.6657237658081385234254412353038787841796875,
  "beta": 0.1919889638176472124175830913372919894754886627197265625,
  "setupType": "Multi Region Model Global Bidder",
  "population": 0,
  "id": 0,
  "worldId": 11,
  "implementation": "ch.uzh.ifi.ce.mweiss.specval.model.mrm.MRMGlobalBidder"
}