{
  "gammaValues": {
    "1": 0.96000,
    "2": 0.84000,
    "3": 0.64000,
    "4": 0.36000
  },
  "qualityFunction": {
    "linearFunctions": {
      "-0.1434754514697272054224441717451554723083972930908203125": {
        "slope": -20.6910868044,
        "yIntercept": -2.96866302065939483381597727040812628729327116161584854125976562500
      },
      "0.4434754514697272054224441717451554723083972930908203125": {
        "slope": 1.2437156096,
        "yIntercept": 0.17844265858730698723767957858399313408881425857543945312500000000
      },
      "1.1434754514697272054224441717451554723083972930908203125": {
        "slope": 0.3857142858,
        "yIntercept": 0.55894518296652161063965205900494481738860486075282096862792968750
      }
    },
    "lowestX": -0.1565245485302727945775558282548445276916027069091796875
  },
  "alpha": 1053.454362313845194876194000244140625,
  "beta": 0.1434754514697272054224441717451554723083972930908203125,
  "setupType": "Multi Region Model Global Bidder",
  "population": 0,
  "id": 0,
  "worldId": 11,
  "implementation": "ch.uzh.ifi.ce.mweiss.specval.model.mrm.MRMGlobalBidder"
}