{
  "gammaValues": {
    "1": 0.96000,
    "2": 0.84000,
    "3": 0.64000,
    "4": 0.36000
  },
  "qualityFunction": {
    "linearFunctions": {
      "-0.1137944448928796370434923801440163515508174896240234375": {
        "slope": 3.7287095752,
        "yIntercept": 0.69430643628335095905482934330876787498709745705127716064453125000
      },
      "0.4862055551071203629565076198559836484491825103759765625": {
        "slope": 0.7666666667,
        "yIntercept": 0.35724240775500086989644014601186228219376062043011188507080078125
      },
      "1.1862055551071203629565076198559836484491825103759765625": {
        "slope": 0.3857142858,
        "yIntercept": 0.54246357155986452670759388694499136818194529041647911071777343750
      }
    },
    "lowestX": -0.1862055551071203629565076198559836484491825103759765625
  },
  "alpha": 853.85641496135076522477902472019195556640625,
  "beta": 0.1862055551071203629565076198559836484491825103759765625,
  "setupType": "Multi Region Model Global Bidder",
  "population": 0,
  "id": 1,
  "worldId": 11,
  "implementation": "ch.uzh.ifi.ce.mweiss.specval.model.mrm.MRMGlobalBidder"
}