{
  "gammaValues": {
    "1": 0.96000,
    "2": 0.84000,
    "3": 0.64000,
    "4": 0.36000
  },
  "qualityFunction": {
    "linearFunctions": {
      "-0.1305645789883526919350487105475622229278087615966796875": {
        "slope": -6.9460805566,
        "yIntercept": -0.90691208348833846868668852159167670379247283563017845153808593750
      },
      "0.4305645789883526919350487105475622229278087615966796875": {
        "slope": 1.3009482570,
        "yIntercept": 0.16985776146083625787415957719694858951697824522852897644042968750
      },
      "1.1305645789883526919350487105475622229278087615966796875": {
        "slope": 0.3857142858,
        "yIntercept": 0.56392509092472985491176526662293611025233985856175422668457031250
      }
    },
    "lowestX": -0.1694354210116473080649512894524377770721912384033203125
  },
  "alpha": 1095.6284936613801619387231767177581787109375,
  "beta": 0.1305645789883526919350487105475622229278087615966796875,
  "setupType": "Multi Region Model Global Bidder",
  "population": 0,
  "id": 3,
  "worldId": 11,
  "implementation": "ch.uzh.ifi.ce.mweiss.specval.model.mrm.MRMGlobalBidder"
}