{
  "gammaValues": {
    "1": 0.96000,
    "2": 0.84000,
    "3": 0.64000,
    "4": 0.36000
  },
  "qualityFunction": {
    "linearFunctions": {
      "-0.10220198667702702355342125883908011019229888916015625": {
        "slope": 2.8243851704,
        "yIntercept": 0.558657775563986500315665484350802216795273125171661376953125000
      },
      "0.49779801332297297644657874116091988980770111083984375": {
        "slope": 0.7666666667,
        "yIntercept": 0.348354856455794117613523865895075459775398485362529754638671875
      },
      "1.19779801332297297644657874116091988980770111083984375": {
        "slope": 0.3857142858,
        "yIntercept": 0.537992194818470593657207658999652721831807866692543029785156250
      }
    },
    "lowestX": -0.19779801332297297644657874116091988980770111083984375
  },
  "alpha": 1081.262787253484930261038243770599365234375,
  "beta": 0.19779801332297297644657874116091988980770111083984375,
  "setupType": "Multi Region Model Global Bidder",
  "population": 0,
  "id": 2,
  "worldId": 11,
  "implementation": "ch.uzh.ifi.ce.mweiss.specval.model.mrm.MRMGlobalBidder"
}