{
  "gammaValues": {
    "1": 0.96000,
    "2": 0.84000,
    "3": 0.64000,
    "4": 0.36000
  },
  "qualityFunction": {
    "linearFunctions": {
      "-0.1164355775943905879632467303963494487106800079345703125": {
        "slope": 4.0221159885,
        "yIntercept": 0.73831739827736924823910967530249394030761322937905788421630859375
      },
      "0.4835644224056094120367532696036505512893199920654296875": {
        "slope": 0.7666666667,
        "yIntercept": 0.35926727615958063669163551290264280169139965437352657318115234375
      },
      "1.1835644224056094120367532696036505512893199920654296875": {
        "slope": 0.3857142858,
        "yIntercept": 0.54348229417353084772248578926401307853666367009282112121582031250
      }
    },
    "lowestX": -0.1835644224056094120367532696036505512893199920654296875
  },
  "alpha": 965.6023470378260071811382658779621124267578125,
  "beta": 0.1835644224056094120367532696036505512893199920654296875,
  "setupType": "Multi Region Model Global Bidder",
  "population": 0,
  "id": 1,
  "worldId": 93,
  "implementation": "ch.uzh.ifi.ce.mweiss.specval.model.mrm.MRMGlobalBidder"
}