{
  "gammaValues": {
    "1": 0.96000,
    "2": 0.84000,
    "3": 0.64000,
    "4": 0.36000
  },
  "qualityFunction": {
    "linearFunctions": {
      "-0.138092894788153675023067989968694746494293212890625": {
        "slope": -11.3377682986,
        "yIntercept": -1.5656652447889661004983731196205098967766389250755310058593750
      },
      "0.438092894788153675023067989968694746494293212890625": {
        "slope": 1.2669524539,
        "yIntercept": 0.1749571319180058192207791289973783932509832084178924560546875
      },
      "1.138092894788153675023067989968694746494293212890625": {
        "slope": 0.3857142858,
        "yIntercept": 0.5610213119727327629378320317243833414977416396141052246093750
      }
    },
    "lowestX": -0.161907105211846324976932010031305253505706787109375
  },
  "alpha": 861.2552959483949734931229613721370697021484375,
  "beta": 0.138092894788153675023067989968694746494293212890625,
  "setupType": "Multi Region Model Global Bidder",
  "population": 0,
  "id": 0,
  "worldId": 93,
  "implementation": "ch.uzh.ifi.ce.mweiss.specval.model.mrm.MRMGlobalBidder"
}