{
  "gammaValues": {
    "1": 0.96000,
    "2": 0.84000,
    "3": 0.64000,
    "4": 0.36000
  },
  "qualityFunction": {
    "linearFunctions": {
      "-0.114314129995460600497381165041588246822357177734375": {
        "slope": 3.7830099136,
        "yIntercept": 0.7024514870426134253201979618097539059817790985107421875000000
      },
      "0.485685870004539399502618834958411753177642822265625": {
        "slope": 0.7666666667,
        "yIntercept": 0.3576408330003302647145075798817970280651934444904327392578125
      },
      "1.185685870004539399502618834958411753177642822265625": {
        "slope": 0.3857142858,
        "yIntercept": 0.5426640215280474427628865008443881379207596182823181152343750
      }
    },
    "lowestX": -0.185685870004539399502618834958411753177642822265625
  },
  "alpha": 1039.82645408972030054428614675998687744140625,
  "beta": 0.185685870004539399502618834958411753177642822265625,
  "setupType": "Multi Region Model Global Bidder",
  "population": 0,
  "id": 3,
  "worldId": 93,
  "implementation": "ch.uzh.ifi.ce.mweiss.specval.model.mrm.MRMGlobalBidder"
}