{
  "gammaValues": {
    "1": 0.96000,
    "2": 0.84000,
    "3": 0.64000,
    "4": 0.36000
  },
  "qualityFunction": {
    "linearFunctions": {
      "-0.1453389140262650036650171614382998086512088775634765625": {
        "slope": -28.9632074500,
        "yIntercept": -4.20948111749957195017509764545238226673973258584737777709960937500
      },
      "0.4453389140262650036650171614382998086512088775634765625": {
        "slope": 1.2358682946,
        "yIntercept": 0.17961975581665614968714750898648446764127584174275398254394531250
      },
      "1.1453389140262650036650171614382998086512088775634765625": {
        "slope": 0.3857142858,
        "yIntercept": 0.55822641883741159166981352313108288853982230648398399353027343750
      }
    },
    "lowestX": -0.1546610859737349963349828385617001913487911224365234375
  },
  "alpha": 1112.467222357971650126273743808269500732421875,
  "beta": 0.1453389140262650036650171614382998086512088775634765625,
  "setupType": "Multi Region Model Global Bidder",
  "population": 0,
  "id": 0,
  "worldId": 93,
  "implementation": "ch.uzh.ifi.ce.mweiss.specval.model.mrm.MRMGlobalBidder"
}