{
  "gammaValues": {
    "1": 0.96000,
    "2": 0.84000,
    "3": 0.64000,
    "4": 0.36000
  },
  "qualityFunction": {
    "linearFunctions": {
      "-0.14495687708331173038089900728664360940456390380859375": {
        "slope": -26.7691274296,
        "yIntercept": -3.880369114439964313853236728135698285768739879131317138671875000
      },
      "0.44495687708331173038089900728664360940456390380859375": {
        "slope": 1.2374690281,
        "yIntercept": 0.179379645800696929723780337351257685440941713750362396240234375
      },
      "1.14495687708331173038089900728664360940456390380859375": {
        "slope": 0.3857142858,
        "yIntercept": 0.558373775944012028817369377442503264319384470582008361816406250
      }
    },
    "lowestX": -0.15504312291668826961910099271335639059543609619140625
  },
  "alpha": 1202.90056306967517230077646672725677490234375,
  "beta": 0.14495687708331173038089900728664360940456390380859375,
  "setupType": "Multi Region Model Global Bidder",
  "population": 0,
  "id": 1,
  "worldId": 93,
  "implementation": "ch.uzh.ifi.ce.mweiss.specval.model.mrm.MRMGlobalBidder"
}