{
  "gammaValues": {
    "1": 0.96000,
    "2": 0.84000,
    "3": 0.64000,
    "4": 0.36000
  },
  "qualityFunction": {
    "linearFunctions": {
      "-0.1202206674861237944984537762138643302023410797119140625": {
        "slope": 4.5333453978,
        "yIntercept": 0.81500180967133660084936161438484703012363752350211143493652343750
      },
      "0.4797793325138762055015462237861356697976589202880859375": {
        "slope": 0.7666666667,
        "yIntercept": 0.36216917841003559803168535491391111236225697211921215057373046875
      },
      "1.1797793325138762055015462237861356697976589202880859375": {
        "slope": 0.3857142858,
        "yIntercept": 0.54494225741780952080535706749664370818209135904908180236816406250
      }
    },
    "lowestX": -0.1797793325138762055015462237861356697976589202880859375
  },
  "alpha": 893.567397662070789010613225400447845458984375,
  "beta": 0.1797793325138762055015462237861356697976589202880859375,
  "setupType": "Multi Region Model Global Bidder",
  "population": 0,
  "id": 2,
  "worldId": 93,
  "implementation": "ch.uzh.ifi.ce.mweiss.specval.model.mrm.MRMGlobalBidder"
}