{
  "gammaValues": {
    "1": 0.96000,
    "2": 0.84000,
    "3": 0.64000,
    "4": 0.36000
  },
  "qualityFunction": {
    "linearFunctions": {
      "-0.104074271144747043660316876412252895534038543701171875": {
        "slope": -2.9395287427,
        "yIntercept": -0.3059293114044628330396467263962989591163932345807552337646484375
      },
      "0.404074271144747043660316876412252895534038543701171875": {
        "slope": 1.4365878071,
        "yIntercept": 0.1495118289593629621361825787762001027658698149025440216064453125
      },
      "1.104074271144747043660316876412252895534038543701171875": {
        "slope": 0.3857142858,
        "yIntercept": 0.5741427810952483456328994582129610080301063135266304016113281250
      }
    },
    "lowestX": -0.195925728855252956339683123587747104465961456298828125
  },
  "alpha": 1084.603627906260726376785896718502044677734375,
  "beta": 0.104074271144747043660316876412252895534038543701171875,
  "setupType": "Multi Region Model Global Bidder",
  "population": 0,
  "id": 1,
  "worldId": 127,
  "implementation": "ch.uzh.ifi.ce.mweiss.specval.model.mrm.MRMGlobalBidder"
}