{
  "gammaValues": {
    "1": 0.96000,
    "2": 0.84000,
    "3": 0.64000,
    "4": 0.36000
  },
  "qualityFunction": {
    "linearFunctions": {
      "-0.13840188599574243522027927610906772315502166748046875": {
        "slope": -11.6398235049,
        "yIntercept": -1.610973525734267061196627672803316499994252808392047882080078125
      },
      "0.43840188599574243522027927610906772315502166748046875": {
        "slope": 1.2655950524,
        "yIntercept": 0.175160742159040473479512955989889633201528340578079223632812500
      },
      "1.13840188599574243522027927610906772315502166748046875": {
        "slope": 0.3857142858,
        "yIntercept": 0.560902129649779184758257213339049940259428694844245910644531250
      }
    },
    "lowestX": -0.16159811400425756477972072389093227684497833251953125
  },
  "alpha": 967.971837618419158388860523700714111328125,
  "beta": 0.13840188599574243522027927610906772315502166748046875,
  "setupType": "Multi Region Model Global Bidder",
  "population": 0,
  "id": 0,
  "worldId": 127,
  "implementation": "ch.uzh.ifi.ce.mweiss.specval.model.mrm.MRMGlobalBidder"
}