{
  "gammaValues": {
    "1": 0.96000,
    "2": 0.84000,
    "3": 0.64000,
    "4": 0.36000
  },
  "qualityFunction": {
    "linearFunctions": {
      "-0.1113062336531244034265597520061419345438480377197265625": {
        "slope": 3.4889340777,
        "yIntercept": 0.65834011165717570780759303195051046486696577630937099456787109375
      },
      "0.4886937663468755965734402479938580654561519622802734375": {
        "slope": 0.7666666667,
        "yIntercept": 0.35533477913777225041546662331892747488382156006991863250732421875
      },
      "1.1886937663468755965734402479938580654561519622802734375": {
        "slope": 0.3857142858,
        "yIntercept": 0.54150383293860280420622656749607415349601069465279579162597656250
      }
    },
    "lowestX": -0.1886937663468755965734402479938580654561519622802734375
  },
  "alpha": 1005.1131587795251789430039934813976287841796875,
  "beta": 0.1886937663468755965734402479938580654561519622802734375,
  "setupType": "Multi Region Model Global Bidder",
  "population": 0,
  "id": 2,
  "worldId": 57,
  "implementation": "ch.uzh.ifi.ce.mweiss.specval.model.mrm.MRMGlobalBidder"
}