{
  "gammaValues": {
    "1": 0.96000,
    "2": 0.84000,
    "3": 0.64000,
    "4": 0.36000
  },
  "qualityFunction": {
    "linearFunctions": {
      "-0.109450173214217472139608844372560270130634307861328125": {
        "slope": 3.3292374025,
        "yIntercept": 0.6343856103751235469838125335950707039955887012183666229248046875
      },
      "0.490549826785782527860391155627439729869365692138671875": {
        "slope": 0.7666666667,
        "yIntercept": 0.3539117994678817344141740297569498352459049783647060394287109375
      },
      "1.190549826785782527860391155627439729869365692138671875": {
        "slope": 0.3857142858,
        "yIntercept": 0.5407879239120081826722106232985254337108926847577095031738281250
      }
    },
    "lowestX": -0.190549826785782527860391155627439729869365692138671875
  },
  "alpha": 821.3598799414652376071899197995662689208984375,
  "beta": 0.190549826785782527860391155627439729869365692138671875,
  "setupType": "Multi Region Model Global Bidder",
  "population": 0,
  "id": 1,
  "worldId": 57,
  "implementation": "ch.uzh.ifi.ce.mweiss.specval.model.mrm.MRMGlobalBidder"
}