{
  "gammaValues": {
    "1": 0.96000,
    "2": 0.84000,
    "3": 0.64000,
    "4": 0.36000
  },
  "qualityFunction": {
    "linearFunctions": {
      "-0.1406367705181251592794211546788574196398258209228515625": {
        "slope": 14.4181022437,
        "yIntercept": 2.29771533655589762947595797448752108493863488547503948211669921875
      },
      "0.4593632294818748407205788453211425803601741790771484375": {
        "slope": 0.7666666667,
        "yIntercept": 0.37782152406858384779816039056310472687982837669551372528076171875
      },
      "1.1593632294818748407205788453211425803601741790771484375": {
        "slope": 0.3857142858,
        "yIntercept": 0.55281704001761714176647317331436681797640630975365638732910156250
      }
    },
    "lowestX": -0.1593632294818748407205788453211425803601741790771484375
  },
  "alpha": 909.0952695645582934957928955554962158203125,
  "beta": 0.1593632294818748407205788453211425803601741790771484375,
  "setupType": "Multi Region Model Global Bidder",
  "population": 0,
  "id": 2,
  "worldId": 57,
  "implementation": "ch.uzh.ifi.ce.mweiss.specval.model.mrm.MRMGlobalBidder"
}