{
  "gammaValues": {
    "1": 0.96000,
    "2": 0.84000,
    "3": 0.64000,
    "4": 0.36000
  },
  "qualityFunction": {
    "linearFunctions": {
      "-0.137878225853863789485131974288378842175006866455078125": {
        "slope": 11.1369836109,
        "yIntercept": 1.8055475416355503180631174531267646443666308186948299407958984375
      },
      "0.462121774146136210514868025711621157824993133544921875": {
        "slope": 0.7666666667,
        "yIntercept": 0.3757066398258915128003966399372615114771178923547267913818359375
      },
      "1.162121774146136210514868025711621157824993133544921875": {
        "slope": 0.3857142858,
        "yIntercept": 0.5517530299325941667317392291813860083493636921048164367675781250
      }
    },
    "lowestX": -0.162121774146136210514868025711621157824993133544921875
  },
  "alpha": 1155.69909180538570581120438873767852783203125,
  "beta": 0.162121774146136210514868025711621157824993133544921875,
  "setupType": "Multi Region Model Global Bidder",
  "population": 0,
  "id": 0,
  "worldId": 57,
  "implementation": "ch.uzh.ifi.ce.mweiss.specval.model.mrm.MRMGlobalBidder"
}