{
  "gammaValues": {
    "1": 0.96000,
    "2": 0.84000,
    "3": 0.64000,
    "4": 0.36000
  },
  "qualityFunction": {
    "linearFunctions": {
      "-0.111212034459987008094827842796803452074527740478515625": {
        "slope": -3.4804609656,
        "yIntercept": -0.3870691448370531432428204698936724525992758572101593017578125000
      },
      "0.411212034459987008094827842796803452074527740478515625": {
        "slope": 1.3973322507,
        "yIntercept": 0.1554001624168996051139049086042831504528294317424297332763671875
      },
      "1.111212034459987008094827842796803452074527740478515625": {
        "slope": 0.3857142858,
        "yIntercept": 0.5713896438159011224954246599416762819600990042090415954589843750
      }
    },
    "lowestX": -0.188787965540012991905172157203196547925472259521484375
  },
  "alpha": 953.0290885113057584021589718759059906005859375,
  "beta": 0.111212034459987008094827842796803452074527740478515625,
  "setupType": "Multi Region Model Global Bidder",
  "population": 0,
  "id": 3,
  "worldId": 57,
  "implementation": "ch.uzh.ifi.ce.mweiss.specval.model.mrm.MRMGlobalBidder"
}