{
  "gammaValues": {
    "1": 0.96000,
    "2": 0.84000,
    "3": 0.64000,
    "4": 0.36000
  },
  "qualityFunction": {
    "linearFunctions": {
      "-0.1476106190098303017066427855752408504486083984375": {
        "slope": -56.4999891417,
        "yIntercept": -8.33999837125497234801504763623825056129135191440582275390625
      },
      "0.4476106190098303017066427855752408504486083984375": {
        "slope": 1.2264347328,
        "yIntercept": 0.18103479008376382664692982871201820671558380126953125000000
      },
      "1.1476106190098303017066427855752408504486083984375": {
        "slope": 0.3857142858,
        "yIntercept": 0.55735018977212740199802375684612343320623040199279785156250
      }
    },
    "lowestX": -0.1523893809901696982933572144247591495513916015625
  },
  "alpha": 1339.43849553695372378570027649402618408203125,
  "beta": 0.1476106190098303017066427855752408504486083984375,
  "setupType": "Multi Region Model Global Bidder",
  "population": 0,
  "id": 1,
  "worldId": 57,
  "implementation": "ch.uzh.ifi.ce.mweiss.specval.model.mrm.MRMGlobalBidder"
}