{
  "gammaValues": {
    "1": 0.96000,
    "2": 0.84000,
    "3": 0.64000,
    "4": 0.36000
  },
  "qualityFunction": {
    "linearFunctions": {
      "-0.1434819326083954627026884054430411197245121002197265625": {
        "slope": 20.7116606641,
        "yIntercept": 3.24174909961564858572380987966621290752300410531461238861083984375
      },
      "0.4565180673916045372973115945569588802754878997802734375": {
        "slope": 0.7666666667,
        "yIntercept": 0.38000281500455258582567429292975447197022731415927410125732421875
      },
      "1.1565180673916045372973115945569588802754878997802734375": {
        "slope": 0.3857142858,
        "yIntercept": 0.55391445968125098698032799604540343807457247748970985412597656250
      }
    },
    "lowestX": -0.1565180673916045372973115945569588802754878997802734375
  },
  "alpha": 1198.7730956590394271188415586948394775390625,
  "beta": 0.1565180673916045372973115945569588802754878997802734375,
  "setupType": "Multi Region Model Global Bidder",
  "population": 0,
  "id": 0,
  "worldId": 57,
  "implementation": "ch.uzh.ifi.ce.mweiss.specval.model.mrm.MRMGlobalBidder"
}