{
  "gammaValues": {
    "1": 0.96000,
    "2": 0.84000,
    "3": 0.64000,
    "4": 0.36000
  },
  "qualityFunction": {
    "linearFunctions": {
      "-0.1201857882867406301929946721429587341845035552978515625": {
        "slope": 4.5280419050,
        "yIntercept": 0.81420628575218027062001188709494670092681189998984336853027343750
      },
      "0.4798142117132593698070053278570412658154964447021484375": {
        "slope": 0.7666666667,
        "yIntercept": 0.36214243769050734275752060298270151861288468353450298309326171875
      },
      "1.1798142117132593698070053278570412658154964447021484375": {
        "slope": 0.3857142858,
        "yIntercept": 0.54492880401233016778473285612882648365484783425927162170410156250
      }
    },
    "lowestX": -0.1798142117132593698070053278570412658154964447021484375
  },
  "alpha": 836.015852202298674455960281193256378173828125,
  "beta": 0.1798142117132593698070053278570412658154964447021484375,
  "setupType": "Multi Region Model Global Bidder",
  "population": 0,
  "id": 0,
  "worldId": 61,
  "implementation": "ch.uzh.ifi.ce.mweiss.specval.model.mrm.MRMGlobalBidder"
}