{
  "gammaValues": {
    "1": 0.96000,
    "2": 0.84000,
    "3": 0.64000,
    "4": 0.36000
  },
  "qualityFunction": {
    "linearFunctions": {
      "-0.115096023441276174015257538485457189381122589111328125": {
        "slope": -3.8677541446,
        "yIntercept": -0.4451631216880253232392568318864789489452959969639778137207031250
      },
      "0.415096023441276174015257538485457189381122589111328125": {
        "slope": 1.3768595820,
        "yIntercept": 0.1584710627252177145012067560614354988501872867345809936523437500
      },
      "1.115096023441276174015257538485457189381122589111328125": {
        "slope": 0.3857142858,
        "yIntercept": 0.5698915337799281022991484202400158665113849565386772155761718750
      }
    },
    "lowestX": -0.184903976558723825984742461514542810618877410888671875
  },
  "alpha": 1246.11182839003095068619586527347564697265625,
  "beta": 0.115096023441276174015257538485457189381122589111328125,
  "setupType": "Multi Region Model Global Bidder",
  "population": 0,
  "id": 1,
  "worldId": 61,
  "implementation": "ch.uzh.ifi.ce.mweiss.specval.model.mrm.MRMGlobalBidder"
}