{
  "gammaValues": {
    "1": 0.96000,
    "2": 0.84000,
    "3": 0.64000,
    "4": 0.36000
  },
  "qualityFunction": {
    "linearFunctions": {
      "-0.126319644457064017561975788339623250067234039306640625": {
        "slope": 5.7009279171,
        "yIntercept": 0.9901391875665774699790475488203611575954710133373737335205078125
      },
      "0.473680355542935982438024211660376749932765960693359375": {
        "slope": 0.7666666667,
        "yIntercept": 0.3668450607546264016127502383124436846628668718039989471435546875
      },
      "1.173680355542935982438024211660376749932765960693359375": {
        "slope": 0.3857142858,
        "yIntercept": 0.5472947199642663762987961484363097497407579794526100158691406250
      }
    },
    "lowestX": -0.173680355542935982438024211660376749932765960693359375
  },
  "alpha": 811.5341018499151459764107130467891693115234375,
  "beta": 0.173680355542935982438024211660376749932765960693359375,
  "setupType": "Multi Region Model Global Bidder",
  "population": 0,
  "id": 3,
  "worldId": 61,
  "implementation": "ch.uzh.ifi.ce.mweiss.specval.model.mrm.MRMGlobalBidder"
}