{
  "gammaValues": {
    "1": 0.96000,
    "2": 0.84000,
    "3": 0.64000,
    "4": 0.36000
  },
  "qualityFunction": {
    "linearFunctions": {
      "-0.1285724872167379462251091126745450310409069061279296875": {
        "slope": -6.3003112570,
        "yIntercept": -0.81004668854789731857888440136328256357955979183316230773925781250
      },
      "0.4285724872167379462251091126745450310409069061279296875": {
        "slope": 1.3102514310,
        "yIntercept": 0.16846228536296010119345026301296286419528769329190254211425781250
      },
      "1.1285724872167379462251091126745450310409069061279296875": {
        "slope": 0.3857142858,
        "yIntercept": 0.56469346917966629326602323257766613551211776211857795715332031250
      }
    },
    "lowestX": -0.1714275127832620537748908873254549689590930938720703125
  },
  "alpha": 907.114408394940028301789425313472747802734375,
  "beta": 0.1285724872167379462251091126745450310409069061279296875,
  "setupType": "Multi Region Model Global Bidder",
  "population": 0,
  "id": 2,
  "worldId": 61,
  "implementation": "ch.uzh.ifi.ce.mweiss.specval.model.mrm.MRMGlobalBidder"
}