{
  "gammaValues": {
    "1": 0.96000,
    "2": 0.84000,
    "3": 0.64000,
    "4": 0.36000
  },
  "qualityFunction": {
    "linearFunctions": {
      "-0.10701712170007038338326310622505843639373779296875": {
        "slope": -3.1407854787,
        "yIntercept": -0.336117821802148283101905459346880888915620744228363037109375
      },
      "0.40701712170007038338326310622505843639373779296875": {
        "slope": 1.4201388514,
        "yIntercept": 0.151979172291271969557064913658450677758082747459411621093750
      },
      "1.10701712170007038338326310622505843639373779296875": {
        "slope": 0.3857142858,
        "yIntercept": 0.573007681595085670263592483308912051143124699592590332031250
      }
    },
    "lowestX": -0.19298287829992961661673689377494156360626220703125
  },
  "alpha": 1284.785268636213686477276496589183807373046875,
  "beta": 0.10701712170007038338326310622505843639373779296875,
  "setupType": "Multi Region Model Global Bidder",
  "population": 0,
  "id": 1,
  "worldId": 61,
  "implementation": "ch.uzh.ifi.ce.mweiss.specval.model.mrm.MRMGlobalBidder"
}