{
  "gammaValues": {
    "1": 0.96000,
    "2": 0.84000,
    "3": 0.64000,
    "4": 0.36000
  },
  "qualityFunction": {
    "linearFunctions": {
      "-0.1304117898523527718790404605897492729127407073974609375": {
        "slope": -6.8919007393,
        "yIntercept": -0.89878511089313369364243679948689447201104485429823398590087890625
      },
      "0.4304117898523527718790404605897492729127407073974609375": {
        "slope": 1.3016571101,
        "yIntercept": 0.16975143350218201472979635269222598026317427866160869598388671875
      },
      "1.1304117898523527718790404605897492729127407073974609375": {
        "slope": 0.3857142858,
        "yIntercept": 0.56398402387720006314502558475432181239739293232560157775878906250
      }
    },
    "lowestX": -0.1695882101476472281209595394102507270872592926025390625
  },
  "alpha": 907.7120476638878017183742485940456390380859375,
  "beta": 0.1304117898523527718790404605897492729127407073974609375,
  "setupType": "Multi Region Model Global Bidder",
  "population": 0,
  "id": 0,
  "worldId": 61,
  "implementation": "ch.uzh.ifi.ce.mweiss.specval.model.mrm.MRMGlobalBidder"
}