{
  "gammaValues": {
    "1": 0.96000,
    "2": 0.84000,
    "3": 0.64000,
    "4": 0.36000
  },
  "qualityFunction": {
    "linearFunctions": {
      "-0.1445507065424242731932480410250718705356121063232421875": {
        "slope": -24.7738539043,
        "yIntercept": -3.58107808564463886596436219045269666594322188757359981536865234375
      },
      "0.4445507065424242731932480410250718705356121063232421875": {
        "slope": 1.2391754354,
        "yIntercept": 0.17912368471708622730577168957744049748725956305861473083496093750
      },
      "1.1445507065424242731932480410250718705356121063232421875": {
        "slope": 0.3857142858,
        "yIntercept": 0.55853044172410343406468224647376530356268631294369697570800781250
      }
    },
    "lowestX": -0.1554492934575757268067519589749281294643878936767578125
  },
  "alpha": 933.6263576899085592231131158769130706787109375,
  "beta": 0.1445507065424242731932480410250718705356121063232421875,
  "setupType": "Multi Region Model Global Bidder",
  "population": 0,
  "id": 2,
  "worldId": 61,
  "implementation": "ch.uzh.ifi.ce.mweiss.specval.model.mrm.MRMGlobalBidder"
}