{
  "gammaValues": {
    "1": 0.96000,
    "2": 0.84000,
    "3": 0.64000,
    "4": 0.36000
  },
  "qualityFunction": {
    "linearFunctions": {
      "-0.146560043829487174349424094543792307376861572265625": {
        "slope": -39.2446860681,
        "yIntercept": -5.7517029102147993168415205555987768093473277986049652099609375
      },
      "0.446560043829487174349424094543792307376861572265625": {
        "slope": 1.2307794243,
        "yIntercept": 0.1803830863698389918100179141191574672120623290538787841796875
      },
      "1.146560043829487174349424094543792307376861572265625": {
        "slope": 0.3857142858,
        "yIntercept": 0.5577554116274926575655518057317294733365997672080993652343750
      }
    },
    "lowestX": -0.153439956170512825650575905456207692623138427734375
  },
  "alpha": 874.757399430663781458861194550991058349609375,
  "beta": 0.146560043829487174349424094543792307376861572265625,
  "setupType": "Multi Region Model Global Bidder",
  "population": 0,
  "id": 0,
  "worldId": 9,
  "implementation": "ch.uzh.ifi.ce.mweiss.specval.model.mrm.MRMGlobalBidder"
}