{
  "gammaValues": {
    "1": 0.96000,
    "2": 0.84000,
    "3": 0.64000,
    "4": 0.36000
  },
  "qualityFunction": {
    "linearFunctions": {
      "-0.12451650200144654956346812468837015330791473388671875": {
        "slope": 5.2975458867,
        "yIntercept": 0.929631883005964513910141755470561975016607902944087982177734375
      },
      "0.47548349799855345043653187531162984669208526611328125": {
        "slope": 0.7666666667,
        "yIntercept": 0.365462651538592904732040447246532721692346967756748199462890625
      },
      "1.17548349799855345043653187531162984669208526611328125": {
        "slope": 0.3857142858,
        "yIntercept": 0.546599222159802226431747409485240041249198839068412780761718750
      }
    },
    "lowestX": -0.17548349799855345043653187531162984669208526611328125
  },
  "alpha": 911.0162163536828074938966892659664154052734375,
  "beta": 0.17548349799855345043653187531162984669208526611328125,
  "setupType": "Multi Region Model Global Bidder",
  "population": 0,
  "id": 1,
  "worldId": 9,
  "implementation": "ch.uzh.ifi.ce.mweiss.specval.model.mrm.MRMGlobalBidder"
}