{
  "gammaValues": {
    "1": 0.96000,
    "2": 0.84000,
    "3": 0.64000,
    "4": 0.36000
  },
  "qualityFunction": {
    "linearFunctions": {
      "-0.1273009103209705727977052447386085987091064453125": {
        "slope": -5.9473750669,
        "yIntercept": -0.75710626003338673913431644990623681223951280117034912109375
      },
      "0.4273009103209705727977052447386085987091064453125": {
        "slope": 1.3162596531,
        "yIntercept": 0.16756105205839493580601580191569155431352555751800537109375
      },
      "1.1273009103209705727977052447386085987091064453125": {
        "slope": 0.3857142858,
        "yIntercept": 0.56518393455385698675051621364673337666317820549011230468750
      }
    },
    "lowestX": -0.1726990896790294272022947552613914012908935546875
  },
  "alpha": 1101.02463516750367489294148981571197509765625,
  "beta": 0.1273009103209705727977052447386085987091064453125,
  "setupType": "Multi Region Model Global Bidder",
  "population": 0,
  "id": 0,
  "worldId": 9,
  "implementation": "ch.uzh.ifi.ce.mweiss.specval.model.mrm.MRMGlobalBidder"
}