{
  "gammaValues": {
    "1": 0.96000,
    "2": 0.84000,
    "3": 0.64000,
    "4": 0.36000
  },
  "qualityFunction": {
    "linearFunctions": {
      "-0.124363941399157684752907471192884258925914764404296875": {
        "slope": -5.2660201048,
        "yIntercept": -0.6549030157198665903057688364441446537966839969158172607421875000
      },
      "0.424363941399157684752907471192884258925914764404296875": {
        "slope": 1.3303497470,
        "yIntercept": 0.1654475379762922519241362118158633620623731985688209533691406250
      },
      "1.124363941399157684752907471192884258925914764404296875": {
        "slope": 0.3857142858,
        "yIntercept": 0.5663167654239508409039507452753525740263285115361213684082031250
      }
    },
    "lowestX": -0.175636058600842315247092528807115741074085235595703125
  },
  "alpha": 1386.45755281075480525032617151737213134765625,
  "beta": 0.124363941399157684752907471192884258925914764404296875,
  "setupType": "Multi Region Model Global Bidder",
  "population": 0,
  "id": 1,
  "worldId": 9,
  "implementation": "ch.uzh.ifi.ce.mweiss.specval.model.mrm.MRMGlobalBidder"
}