{
  "gammaValues": {
    "1": 0.96000,
    "2": 0.84000,
    "3": 0.64000,
    "4": 0.36000
  },
  "qualityFunction": {
    "linearFunctions": {
      "-0.11273583289153639441781962204913725145161151885986328125": {
        "slope": -3.6227832385,
        "yIntercept": -0.408417485772204961790398107523980542055141995660960674285888671875
      },
      "0.41273583289153639441781962204913725145161151885986328125": {
        "slope": 1.3892280927,
        "yIntercept": 0.156615786106855031189702480431957809514642576687037944793701171875
      },
      "1.11273583289153639441781962204913725145161151885986328125": {
        "slope": 0.3857142858,
        "yIntercept": 0.570801892992172890762423597688091092550166649743914604187011718750
      }
    },
    "lowestX": -0.18726416710846360558218037795086274854838848114013671875
  },
  "alpha": 1388.792814055088456370867788791656494140625,
  "beta": 0.11273583289153639441781962204913725145161151885986328125,
  "setupType": "Multi Region Model Global Bidder",
  "population": 0,
  "id": 0,
  "worldId": 9,
  "implementation": "ch.uzh.ifi.ce.mweiss.specval.model.mrm.MRMGlobalBidder"
}